No,Titulo,Autor,Editorial,Idioma,ISBN13
1,Poema del Cid,Anónimo,Castalia,es,9788470391125
2,Pedro Páramo.,"Rulfo, Juan",Fondo de Cultura Económica,es,9788437502267
3,Los idolatras,"Hegner, William E.",Plaza & Janés,es,9788421400982
4,Queda la noche,"Puértolas, Soledad",Planeta,es,9788432070105
5,Un encuentro peligroso,"Jünger, Ernst",Planeta,es,9788408462156
6,El príncipe destronado,"Delibes, Miguel",Destino,es,9788423308262
7,Drogas en el instituto,"Thomas, Jack W.",Círculo de Lectores,es,9788422610472
8,Una noche en el trópico,"Baum, Vicki",Planeta,es,
9,El perro de los Baskerville,"Doyle, Arthur Conan ",Espasa-Calpe,es,
10,Vuelva usted mañana y otros artículos,"Larra, Mariano José de",Salvat,es,
11,Hospital General,"Pombo Angulo, Manuel",Destino,es,
12,El diablo cojuelo,"Vélez de Guevara, Luis",Desconocida,es,
13,El perque de tot plegat,"Monzo, Quim",Quaderns Crema,ca,9788477271055
14,Boatpeople. Manuale di sopravvivenza ...,"Romeo, Carlo",Longanesi,it,9788830423893
15,La comunicación de masas,"Burgelin, Olivier ",A.T.E.,es,9788485047239
16,Shirley y el diamante,"Home-Gall, Edward ",Molino,es,
17,Empieza el calor ; Corre hombre ; Tod...,"Himes, Chester",Orbis,es,9788475306001 
18,Aprender a razonar,"Pizarro, Fina ","Alhambra Longman, S.A.",es,9788420512938
19,Nuevas amistades,"García Hortelano, J.",Círculo de Lectores,es,
20,Arqueología de barcos,"Johnstone, Paul",Adara,es,9788438500088
21,El lápiz del carpintero,"Rivas, Manuel",Alfaguara,es,
22,Todos los fuegos el fuego,"Cortázar, Julio ",Alfaguara,es,
23,Don Camillo et Peppone,"Guareschi, Giovanni",Éditions du Seuil,fr,
24,Helen Keller,"Soler Blanch, Carmen","Auriga, ediciones",,9788472810907
25,La Ley De Murphy,"Bloch, Arthur","Temas de Hoy, ediciones",es,9788484604235
26,Gandhi,"Woodcock, George",Planeta-Agostini,es,9788439538141
27,Teoría i pràctica al voltant de la li...,"García. Carles; Lluch, Gemma","Consellería de Cultura, Educació i Ciéncia",ca,9788478902255
28,La Guerra Civil. La República partida...,Varios,Grupo 16,es,9788485229963
29,50 cosas que los niños pueden hacer p...,Varios,Emece,es,9788478880713
30,Volevo i pantaloni,"Cardella, Lara ",Arnoldo Mondadori,it,9788804325062
31,L'Énéide,Virgile,Hatier,fr,
32,The Canterville ghost / El fantasma d…,"Wilde, Oscar ",Paul Venables,"en,es",9788467431322
33,La Celestina,"Rojas, Fernando de",Diario El Pais,es,9788496390966
34,Viento en los puentes,"Mataix, Lucila ",Nadir,es,9788492219490
35,Los días de amor guerra y omnipotenci...,"Montero, Isaac ",Plaza & Janés,es,9788401301063
36,"El Tiempo, el Espacio y el Tío Albert","Stannard, Russell ",Celeste,es,9788487553455
37,Cartógrafos y aventureros: narradores...,Varios,"Fundación ""La Caixa""",es,9788476646335
38,à l'ouest d'octobre,"Bradbury, Ray","Denoel, Paris",fr,9782207305003
39,Morny,"Rouart, Jean-Marie",Gallimard,fr,9782070743193
40,A sangre fría,"Capote, Truman ",Círculo de Lectores,es,
41,Cuentos de la Alhambra,"Irving, Washington",Ramón Sopena,es,9788430305780
42,Le Sermon Sur la Chute de Rome,"Ferrari, Jerome",Actes Sud,fr,9782330022808
43,Las georgicas,"Simon, Claude",Planeta,es,9788408462194
44,Los organillos,"Rey, Henri-François",G. P.,es,
45,Journal intime,"Rheims, Nathalie",L. Scheer,fr,9782756100906
46,Las mil noches de Hortensia Romero,"Quiñones, Fernando ",Planeta,es,9788432053955 
47,El aire de un crimen,"Benet, Juan ",Seix Barral,es,9788432220043
48,"Les Miserables, Tome 1.","Hugo, Victor ",Le Livre de Poche,fr,9782253096337
49,Clochemerle,"Chevallier, Gabriel ",Plaza & Janés,es,9788401410956
50,No emprenyeu el comissari!,"Torrent, Ferran",Lham,ca,9788475021225
51,Un sexo llamado débil,"Martín Vigil, José Luis ",Richard Grandio,es,
52,Le Jugement final,"Easterman, Daniel ",Pocket,fr,9782266086882
53,Le mystère de la chambre 51,"Grimes, Martha ",Presses de la Cité,fr,9782266233927
54,Negros son los dioses de mi África,"Yerby, Frank",Planeta,es,9788432027185
55,Der Gefangene des Himmels,"Ruiz Zafón, Carlos ",Fischer Verlag,de,9783596195855
56,La Alternativa Del Diablo,"Forsyth, Frederick ",Plaza & Janés,es,9788401909016
57,Aventuras de Robinson Crusoe,"Defoe, Daniel ",Ramon Sopena,es,9788430304530
58,The Great Railway Bazaar,"Theroux, Paul ",Penguin,en,9780140042351
59,The kite runner,"Hosseini, Khaled ",Riverhead Books,en,9781594483011
60,La Ciudad de la alegria,"Lapierre, Dominique",Planeta/Seix Barral,es,9788432240034
61,La nueva organización del trabajo,"Mateu, Melchor ",Editorial Hispano Europea,es,9788425506697
62,Retrato de grupo con señora,"Böll, Heinrich ",Planeta,es,9788408462026
63,El Juez y su verdugo,"Dürrenmatt, Friedrich ",Planeta,es,9788408461852
64,Oficio de difuntos,"Uslar Pietri, Arturo ",Planeta,es,9788408462071
65,El reino de este mundo,"Carpentier, Alejo ",Planeta,es,9788408461814
66,Los 80 son nuestros,"Diosdado, Ana ",Círculo de Lectores,es,9788422622482
67,Sociología para educadores,"Romero Peñas, José Luis; González-Anleo, Juan ",Cincel,es,9788470460616
68,"Tiranos, víctimas e indiferentes...","Roberts, Wess ","Urano, ediciones",es,9788495787286
69,Dios ha nacido en el exilio,"Horia, Vintila ",Planeta,es,9788408461968
70,Charlie,"King, Stephen ",La seine Succes du livre,es,9782738203427
71,El pasado quedó atrás,"Vries, Anke De ",S & M Books,es,9788434811867
72,Heath,"Roth, Andrew ",DOPESA,es,9788472350663
73,Dinero para Maria,"Rasputin, Valentin ",Círculo de Lectores,es,9788422611448
74,Robinson Crusoe,"Defoe, Daniel",Círculo de Lectores,es,
75,Leituras,Varios,"CIPIE (Centro de Investigaçao Pedagogica e Inspecçao Escolar), Angola",pt,
76,Crónica sentimental en rojo,"González Ledesma, Francisco ",Planeta,es,9788432055713
77,Only a Teardrop away from a Cry,"Dowling, Lynette ",X-PRESS,en,9780620349260
78,Pedro Toledo,"Cacho, Jesús ","Temas de Hoy, ediciones",es,9788478800612
79,OEuvres complètes de Isidore Ducasse,"Ducasse, Isidore ",Le Livre de Poche,fr,
80,Las Voces del Desierto,"Morgan, Marlo ","B, ediciones",es,9788440663788
81,84 Charing Cross Road,"Hanff, Helene ",Warner Books,en,9780751503845
82,Le neuvième cercle,"Bernadac, Christian ",Presses pocket,fr,9782266003513
83,Sexy-bar,"Benítez de Castro, Cecilio ",Círculo de Lectores,es,9788422604341
84,Las esferas del Mandala,"White, Patrick ",Barral,es,9788421110058
85,Año de lobos,"Fährmann, Willi","SM, ediciones",es,9788434809482
86,Fue dicho: no desearás a la mujer de ...,"Hunter, Evan ",Círculo de Lectores,es,
87,Résurrection,"Tolstoy, Lev Nikolaevič ",Gallimard,fr,9782070389421
88,Feudalismo Tardio y Capital Mercantil,"Kriedte, Peter ",Critica (Grijalbo Mondadori),es,9788474231717
89,Marie Curie,"Reid, Robert ",Salvat,es,9788434581593
90,Queridas cadenas,"Pérez Collado, Antonio ","Ateneo Libertario ""AL MARGEN""",es,
91,Que el cielo la juzgue,"Williams, Ben Ames ",José Janés,es,
92,Postmortem,"Cornwell, Patricia ",Le Livre de Poche,fr,9782253076322
93,Países y territorios del mundo,"López Davalillo, Julio",Gaesa,es,9788468857572
94,Contact Your Guardian Angel,"Roland, Paul ",Foulsham,en,9780572030476
95,Spanish show,"Manegat, Julio ",Círculo de Lectores,es,
96,Yo fui... una de ellas,"Calvany, Condesa ",Plaza & Janés,es,
97,Pasos sin huellas,"Bermúdez de Castro, F.",Planeta,es,
98,Tieta de Agreste,"Amado, Jorge ",Plaza & Janés,es,9788401303036
99,La fondation ligue française des droi..,"Antoine, Suzanne ; Nouët, Jean-Claude",Fondation Ligue Française des Droits de lAnimal,fr,9782951216723
100,El tigre de tasmania,"Muñoz Puelles, Vicente ",Mestral libros,es,9788475752785
101,Tu No Eres Mi Amiga,"Tamayo Daimon, Manuel ",Manuel Tamayo Daimon,es,9788423129089
102,Jacinto Benavente,"Díaz-Plaja, Aurora ",Auriga,es,9788472810396
103,Le guide des actions humanitaires,"Jost, Philippe ",Editions Hors collection,fr,9782258037984
104,Bajo el viento de la Camarga,"Cesco, Federico de ",Alfaguara,es,9788420436357
105,Niños y hombres,"Roth, Philip ",G.P.,es,
106,Aux frontières du réel - 2 - Tornade,"Grant, Charles L. ",Éd. Jai lu,fr,9782277242390
107,La pampa argentina,"Sefve, Ivar ",Seix Barral,es,
108,El guerrero del desierto,"Singh, Nalini ",Harlequín Ibérica,es,9788467114133
109,El Mito masculino,"Pietropinto, Anthony; Simenauer, Jacqueline",Plaza & Janés,es,9788401480553
110,Hostal Lolita,"Nonell, Carmen",Hijos de F. Armengot,es,
111,Claudia. Los años dorados de Hollywood,"Loos, Mary",Martínez Roca,es,9788427002975
112,El Kapo,"Gaussen, Dominique",A.T.E.,es,9788474423297
113,Remando al viento,"Suárez, Gonzalo",Plot,es,9788486702038
114,Relatos,Varios,Paradores,es,9788481983906
115,El arreglo,"Kazan, Elia ",Bruguera,es,
116,Iglus en la noche,"Ruesch, Hans ",Círculo de Lectores,es,9788422606307
117,La Mujer Total,"Morgan, Marabel ",Plaza & Janés,es,9788401805325
118,Tiempos de Claroscuro,"Raybourn, Deanna ",Harlequin Ibérica,es,9788468709499
119,Rob Roy,"Scott, Walter ",RBA,es,9788447309344
120,Tempestad sobre el Vaticano,"Speratti, Alberto ",A.T.E.,es,
121,Círculo del Crimen (6 relatos),Varios,Forum,es,9788485604159
122,Luz (des)hilvanada,"Crespo Alcalá, Patricia ",Bubok Publishing,es,9788468655901
123,El amor es más poderoso que la muerte,"Konsalik, Heinz G.",Martínez Roca,es,9788427007543
124,Proceso a la historia,"Barrios, Manuel ",Plaza & Janés,es,9788401390135
125,La ciudad vagabunda,"Zilahy, Lajos",G.P.,es,9788401431609
126,¿Quiere usted saber frances en diez dias?,"Robertson, Métodos ",Ramón Sopena,es,9788430302574
127,Doble imagen,"MacInnes, Helen ",Círculo de Lectores,es,
128,Adios Janette,"Robbins, Harold ",Bruguera,es,9788402079961
129,Lawrence de Arabia,"Aldington, Richard ",Planeta,es,9788432027130
130,la tarde,"Lacruz, Mario ",Plaza & Janés,es,
131,El rito,"García Blázquez, José Antonio",Destino,es,9788423308354
132,Jaque a la dama,"Fernandez Santos, Jesus ",Planeta,es,9788432055522
133,A ritmo de marcha fúnebre,"Barclay, Alexis ",Antalbe,es,
134,El valle de las muñecas,"Susann, Jacqueline ",Grijalbo,es,
135,Los gozos y las sombras. III. La Pascua triste,"Torrente Ballester, Gonzalo ",Alianza Editorial,es,9788420690209
136,¡Arriba Israel!,"Núñez Alonso, Alejandro",Planeta,es,9788432054853
137,Les chansons de Bilitis,"Louÿs, Pierre",Albin Michel,fr,
138,Grandes autores en libros pequeños,Varios,Planeta,es,
139,La nuit de l'apocalypse,"Easterman, Daniel ",Pocket,fr,9782266076234
140,Memoires mortes,"Cornwell, Patricia ",Le Livre de Poche,fr,9782253076353
141,Ben-Hur,"Wallace, Lewis ",Plaza & Janés,es,9788401410598
142,En el día de hoy,"Torbado, Jesus ",Planeta,es,9788432053580
143,El Lago,"Doctorow, E. L. ",Argos-Vergara,es,9788471782908
144,Mecanoscrit del segon origen,"Pedrolo, Manuel de ",Edicions 62,ca,9788429710328
145,Y Dios en la ultima playa,"Zaragoza, Cristóbal ",Planeta,es,
146,Memorias,"Mindszenty, Cardenal ",Caralt,es,9788421757086
147,India mon amour,"Lapierre, Dominique ",Planeta,es,9788408004066 
148,Actividades para un joven biologo,"Schwartz, George I. ; Schwartz, Bernice S. ",Adara,es,9788438500033
149,El comando de los desertores,"Paris, Alain ",Javier Vergara,es,9789501500059
150,Tu colección de monedas,"Hobson, Burton",Altea,es,9788437212135
151,La conspiración del golfo,"Schwartz, Fernando ",Planeta,es,9788432055539
152,"Yo, el hermano","Guerra, Juan ","Temas de Hoy, ediciones",es,9788478800544
153,Una de tarzan,"Marqués, Vicent ",Alfaní,es,9788493504359
154,Baywatch,"Schwartz, Deborah ",Addison Wesley Longman,en,9780582401150
155,Zona marítima,"Xirinachs, Olga ",Planeta,es,9788432071935
156,Exploración del espacio (Volumen 1),"Jastrow, Robert",Orbis,es,9788476341131
157,Novelas ejemplares,"Cervantes Saavedra, Miguel de ",J. Perez del Hoyo,es,9788471940940
158,…que la punta dun paraigua,"Mínguez, Xavier ",J.J.2,ca,9788486970352
159,La gran depresión de 1990,"Batra, Ravi ",Grijalbo,es,9788425319815
160,Los hijos del sol,"Lavolle, L. N.",Adara,es,9788438500040
161,Volavérunt,"Larreta, Antonio ",Planeta,es,9788432055355
162,Insomnie. Tome 1,"King, Stephen ",J'ai Lu,fr,9782290046159
163,Insomnie. Tome 2,"King, Stephen ",J'ai Lu,fr,9782290046166
164,"Cruz, Espada y Sangre","Mossé, Claude ",Juan Graniva,es,9789506410018
165,El libro del marisco,"Sueiro, Jorge-Víctor",Altaya,es,9788448710057
166,El miedo a la igualdad,"Miguel, Amando de ",Grijalbo,es,9788425305924
167,Su luminoso esplendor,"Sherwood, Valerie ",Javier Vergara,es, 
168,Flores azules,"Queneau, Raymond ",Alcor,es,9788427015258
169,"Han matado a un hombre, han roto un paisaje","Candel, Francisco ",Círculo de Lectores,es,
170,Herejias economicas,"Robinson, Joan ",Ariel,es,9788434419919
171,El pulso silencioso,"Leonard, George ",EDAF,es,9788471666406
172,A cinco minutos del final,"Herrero Sales, Maximo",Letrame,es,9788417657444
173,En la vida de Ignacio Morel,"Sender, Ramón J.",Planeta,es,
174,La sonrisa etrusca,"Sampedro, José Luis ",RBA,es,9788447301225
175,Mis universidades,"Gorki, Maximo",ZERO,es,9788431703578
176,Las calles de nuestros padres,"González Ledesma, Francisco ",Plaza & Janés,es,9788401304064
177,Educazione siberiana,"Lilin, Nicolai",Einaudi,it,9788806202569
178,El mundo de Juan Lobon,"Berenguer, Luis ",Mondadori,es,9788439712947
179,No preguntes lo que tu país puede hacer por ti,"Kennedy, John F.",Centro editorial PDA,es,
180,Les murs de sang,"Camut, Jèrôme; Hug, Nathalie",Calmann-Lévy,fr,9782298957966
181,La Route du sel et autres poèmes,"Bodart, Roger ",E.I.A. La Difference,fr,9782729108519
182,La otra,"Fielding, Joy ",Mundo Actual,es,9788474543162
183,Actividades para jovenes botanicos,"Prime, C. T.",Adara,es,9788438500187
184,Un tal rock wagram,"Saroyan, William",Plaza & Janés,es,
185,Pasiones humanas,"Yerby, Frank ",Planeta,es,
186,Historia de la vida del Buscón llamado don Pablos,"Quevedo, Francisco de ","Rueda J.M.S.A., ediciones",es,9788487507700
187,"Tan lejos, tan cerca","Marsillach, Adolfo ",Tusquets,es,9788483100783
188,Geografia universal,"Rebagliato Font, Juan",Gasso hnos.,es,
189,Escenas montañesas,"Pereda, Jose María de",Círculo de Amigos de la Historia,es,9788422503705
190,"Yo, el rey","Vallejo-Nágera, Juan Antonio",Planeta,es,9788432055812
191,Guarnicion de silla,"Grosso, Alfonso",Emiliano Escolar,es,9788473931007
192,El general de las galaxias,"Mazarin, Jean",GEASA,es,9788485483068
193,Gran Café,"Lorenzo, Pedro de",Planeta,es,9788432053221
194,Un verano en el viñedo,"Delinsky, Barbara",Random House Mondadori,es,9788497594844
195,Con ellos cabalgo la muerte,"Taut, Franz",Plaza & Janés,es,
196,Le soleil des Scorta,"Gaudé, Laurent",J'ai Lu,fr,9782290078129
197,Les Ombres errantes,"Quignard, Pascal",Gallimard,fr,9782070427796
198,Rouge Brésil,"Rufin, Jean-Christophe",Gallimard,fr,9782070301676
199,The destroyers,"Reeman, Douglas",Berkley,en,9780515074468
200,Fenella Phizackerley,"Forster, Margaret",Ballantine books,en, 
201,Taras Bulba,"Gogol, Nicolas Vasilievich",Ramon Sopena,es,9788430305575
202,Flash,"Duchaussois, Charles",Ultramar,es,9788473861380
203,Historias de un Ruiz-Señor,"Ruiz, Pedro",Planeta,es,9788432041280
204,Casino,"Kirsch, Robert",Martinez Roca,es,9788427006256
205,No emprenyeu el comissari!,"Torrent, Ferran",Lham,ca,9788475021225
206,La isla de fuego,"Hirschfeld, Burt",Círculo de Lectores,es,9788422609438
207,Vall de Uxó,"Peñarroja Torrejon, L.",Escudo de Oro,es,9788437809656
208,España: siglo XIX (1834-1898),"Cronos, Grupo",Anaya,es,9788420741925
209,Liebe auf heissem Sand,"Konsalik, Heinz G.",Heyne,de,9783453001114
210,Sangaree,"Slaughter, Frank G.",Plaza & Janés,es,9788401410789
211,Los siete pecados capitales. Tomo II.,"Sue, Eugenio","Picazo, ediciones",es,
212,La zancada,"Soto, Vicente",Destino,es,
213,Retrato de una bruja,"Castresana, Luis de",Círculo de Lectores,es,9788422604068
214,La ciudadela,"Cronin, A. J.",Plaza & Janés,es,
215,Pavillon de Femmes,"Buck, Pearl S.",STOCK,fr,
216,Así vivían durante la Revolución Francesa,"Espinós, J.; Masiá, P.; Sánchez, D.; Vilar, M.",Anaya,es,9788420748238
217,Retablo jovial,"Casona, Alejandro",Bruño,es,9788421614778
218,Alguien voló sobre el nido del cuco,"Kesey, Ken",Argos,es,9788470174698
219,Du baroque,"Ors, Eugenio d'",Gallimard,fr,
220,El estiércol,"Kuprin, Alejandro","Rodegar, ediciones",es,
221,El mono blanco,"Galsworthy, John",Planeta,es,9788432027154
222,Avere o essere?,"Fromm, Erich",Oscar Mondadori,it,9788804276708
223,Peregrinos y viajeros,"Ekert-Rotholz, Alice",Plaza & Janés,es,
224,Cómo mantenerse en forma,Simon Jennings & Co.,Blume,es,
225,Pelham uno dos tres,"Godey, John",Plaza & Janés,es,9788401460104
226,"Europa, pecado y virtud","Altavilla, Enrico",Plaza & Janés,es,9788401350221
227,El frances y los 7 pecados capitales,"Díaz-Plaja, Fernando",,es,
228,Ojos verdes,"Robards, Karen",B.S.A,es,9788498721492
229,Mémoire d'un croyant,Abbé Pierre,Fayard,fr,9782253145936
230,La sangrienta luna,"Magro, Baltasar",Random House Mondadori,es,
231,Los santos inocentes,"Delibes, Miguel",Seix Barral,es,9788432221521
232,Las ratas,"Delibes, Miguel",Destino,es,9788423307241
233,Le nom de la bete,"Easterman, Daniel",Pocket,fr,9782266071529
234,Confesiones de un espermatozoide,"Maronna, Jorge; Samper, Daniel","Temas de Hoy, ediciones",es,9788484600510
235,Que se mueran los feos,"Iglesia, Juanjo de la","Temas de Hoy, ediciones",es,9788484600589
236,La justicia se equivocó,"Torre, Manuel de la",Heres,es,
237,El ultimo lacayo,"Grimes, Martha",Molino,es,9788427209077
238,Martín Fierro,"Hernández, José",Anaya,es,
239,Diario de un cura rural,"Bernanos, Georges",Círculo de Lectores,es,
240,El caso reace,"Rey, José",DOPESA,es,
241,El buque fantasma,"Marryat, Frederick",Planeta,es,9788432091179
242,La Celestina,"Rojas, Fernando de",Planeta,es,9788475510170
243,Nadie debería morir,"Slaughter, Frank G.",Círculo de Lectores,es,
244,The iron Man,"Hughes, Ted",Faber and Faber,en,9780571141494
245,De la sierra Tarasca,"Amezcua Barrera, Mario",Fimax,es,
246,L'últim roder,"Franco, Josep",Edicions Bromera,ca,9788476600009
247,Climas,"Maurois, Andre",Círculo de Lectores,es,
248,Florecillas de San Francisco,Anónimo,Apostolado de la prensa,es,
249,Las últimas banderas,"Lera, Angel Mª de",Planeta,es,
250,Roble claro,"Yerby, Frank",Círculo de Lectores,es,
251,Alfanhui,"Sanchez Ferlosio, Rafael",Salvat,es,
252,Miguel Angel,"Koch, Heinrich",Salvat,es,9788434581470
253,El Ingenioso Hidalgo Don Quijote de la Mancha,"Cervantes Saavedra, Miguel de",Espasa-Calpe,es,9788467012460
254,La guerra de los botones,"Pergaud, Louis",Bruguera,es,9788402080530
255,La vida secreta de Ana,"Arazo, Mª Angeles",Prometeo,es,9788471990907
256,Torremolinos Gran Hotel,"Palomino, Angel",Alfaguara,es,
257,A tientas y a ciegas,"Portal, Marta",Planeta,es,9788432021664
258,Luces de Hollywood,"McCoy, Horace",Bruguera,es,9788402053367
259,Antología de artículos,"Larra, Mariano José de",Amigos de la Historia,es,9788422503644
260,Reinar después de morir; El esclavo del demonio; El segundo Séneca de España,"Velez de Guevara, Antonio; Mira de Amescua, Antonio; Pérez de Montalbán, Juan",Amigos de la Historia,es,9788422504054
261,El padrino,"Puzo, Mario",Grijalbo,es,
262,Luna de primavera,"Lord, Bette Bao",Círculo de Lectores,es,9788422615187
263,El embajador,"West, Morris",Pomaire,es,
264,Los ojos de Heisenberg,"Herbert, Frank","B, ediciones",es,9788440635082
265,Recuerdos del futuro,"Däniken, Erich von",Plaza & Janés,es,9788401440847
266,Spotlight on William Shakespeare,"Barnaby, David",Cassell,en,9780304305971
267,Die Frau die sich wandelt Erzählungen,"Buck, Pearl S.",Goldmann,de,9783442064519
268,El desertor,"Collingwood, Charles",Bruguera,es,
269,Parejas,"Updike, John",Planeta,es,9788408462248
270,La vida por delante,"Cyrus, Miley","B, ediciones",es,9788466642576
271,A virtuous woman,"Gibbons, Kate",Vintage Contemporaries,en,9780375703065
272,Monsignore,"Léger, Jack-Alain",Argos Vergara,es,9788470172892
273,Sensacionales cócteles y bebidas para fiestas,"Wilson, Anne",Könemann,es,9783895088018
274,Erosgrafías (prosas poéticas),"Crespo, Patricia",Bohodón,es,9788417198282
275,Detrás de las nubes,"Ionescu, Angela C.",Doncel,es,9788432503337
276,Fuenteovejuna,"Vega, Lope de",Planeta,es,
277,Cárcel de amor,"San Pedro, Diego de",Orbis,es,9788475301938
278,El comedido hidalgo,"Eslava Galán, Juan",Planeta,es,9788408460619
279,El sol y la nieve,"Royo, Rodrigo",Henry Regnery,es,
280,Los perros,"Calder, Robert",Círculo de Lectores,es,9788422609582
281,Detrás de la piedra,"Kurtz, Carmen",Círculo de Lectores,es,
282,Rimas y Leyendas,"Bécquer, Gustavo Adolfo",Planeta,es,9788485753994
283,El palacio,"Erdman, Paul",Plaza & Janés,es,9788401322891
284,Les mordus du tennis,Piem,le Cherche Midi,fr,9782862740553
285,Manual de Primers Auxilis,Varios,Pearson Educación,ca,9788420542836
286,Cómo salir del infierno,"Urdaci, Alfredo",Plaza & Janés,es,9788401379499
287,El jardín perfumado,"Nefzaqui, Jeque",FELMAR,es,9788437900308
288,Assuán,"Heim, Michael",DOPESA,es,9788472351677
289,Don Camilo y los jóvenes de hoy,"Guareschi, Giovanni",Plaza & Janés,es,
290,Cheyenes 6112,"Grenier, C.; Camus, W.","SM, ediciones",es,9788434808256
291,Bienaventurados los miserables,"Castillo, Antonio","Paulinas, ediciones",es,
292,Tras la niebla y la nieve,"Innes, Michael",Barral,es,9788421173770
293,Sinuhé el egipcio,"Waltari, Mika",Círculo de Lectores,es,
294,Desnuda por el mundo,"Chamales, Tom T.",Plaza & Janés,es,
295,Donde se reúnen los muchachos,"Swarthout, Glendon",Círculo de Lectores,es,
296,Barbaridades en clase,"Tirado Zarco, Miguel",Perea ediciones,es,9788477290292
297,Sociología,"Giner, Salvador",Península,es,9788429709247
298,Amor en New York,"Arias, Yolanda",Heres,es,9788485388325
299,La trampa del amor,"Thornton, Elizabeth",Cisne,es,9788483462935
300,Un amor imposible,"Cartland, Barbara",Atlantic Distributing,es,9788449943218
301,Los asesinos,"Kazan, Elia",Círculo de Lectores,es,
302,Pregúntale a Alicia,"Sparks, Beatrice",Círculo de Lectores,es,9788422604778
303,Stupid White Men,"Moore, Michael",Harper,en,9780060530907
304,Mari Catúfols,"Trólec, Isa",Eliseu Climent,ca,9788485211746
305,El mundo de Ben Lighthart,"Haar, Jaap Ter","SM, ediciones",es,9788434811645
306,Este y oeste,"Buck, Pearl S.",Caralt,es,9788421731390
307,La celestina,"Rojas, Fernando de",El País,es,9788496390966
308,La chica del columpio,"Adams, Richard",Plaza & Janés,es,9788401371196
309,La arboleda perdida,"Alberti, Rafael",Bruguera,es,9788402071316
310,Cinco décadas de literatura internacional,"Alcoba, Daniel",Planeta,es,9788408462316
311,Boundaries,"Atkinson, Alix",Worldwide,en,9780373579273
312,El árbol de la ciencia de Baroja,"Beser, Sergio",Laia,es,9788472221505
313,Poesies escollides,"Carner, Josep",Edicions 62,ca,9788429714739
314,El sí de las niñas. La comedia nueva,"Fernández de Moratín, Leandro","Rueda J.M.S.A., ediciones",es,9788487507595
315,Drogas mentales. El desafío de la química a la psicoterapia,"Fernández de Velasco, Miguel Martín",Noguer,es,9788427931466
316,Blanca Olmedo,"Gamero de Medina, Lucila",,es,
317,Siete años de cárcel,"Gerard, Nicole",Grijalbo,es,9788425303685
318,El cónsul honorario,"Greene, Graham",MDS BOOKS/MEDIASAT,es,9788496142534
319,The firm,"Grisham, John",Corgi Transworld,en,9780440211457
320,Fue dicho: no desearás a la mujer de tu prójimo,"Hunter, Evan ",Círculo de Lectores,es,
321,El conde Lucanor,"Juan Manuel, Don",Edicomunicación,es,9788476726266
322,Yo soy fulana de tal,"Laiglesia, Álvaro de",Planeta,es,9788432063800
323,Doce lunas de miel,"Linares, Luisa María",Juventud,es,
324,Elogi de la paraula i altres assaigs,"Maragall, Joan",Edicions 62,ca,
325,La misa azul,"Marquina, Eduardo",Emiliano Escolar,es,9788473930826
326,Las cuatro plumas,"Mason, A. E. W.",Círculo de Lectores,es,
327,La casa de las dunas,"Meersch, M. van der","G. P., ediciones",es,
328,La mascarada,"Moravia, Alberto",Plaza & Janés,es,9788401440540
329,Carne apaleada,"Palou, Inés",Planeta,es,9788432053306
330,"Para sufrir menos, para sufrir mejor","Pederzini, Novello","Combonianas, ediciones",es,
331,Los tontos mueren,"Puzo, Mario",Grijalbo,es,9788425310799
332,Historia de la vida del Buscón llamado don Pablos,"Quevedo, Francisco de ","Rueda J.M.S.A., ediciones",es,9788487507700
333,Vidente en rebeldía,"Roig, Antonio",Planeta,es,9788432041440
334,Estudio sobre las libertades. 2ª edición,"Sánchez Ferriz, Remedio",Tirant lo blanch,es,9788480022989
335,Marcelino pan y vino y otras narraciones,"Sanchez-Silva, Jose Mª",Salvat,es,
336,Médicos en peligro,"Slaughter, Frank G.",Planeta,es,9788408002741
337,Con el corazón de otro,"Slaughter, Frank G.",Caralt,es,9788421742822
338,Sophie's choice,"Styron, William",Corgi Books,en,9780552116107
339,El perfume,"Süskind, Patrick",Planeta,es,9788408462125
340,A Number of Things,"Thornley, G. C.",Longman,en,9780582531710
341,La senda dorada,"Turnbull, Agnes Sligh",Cisne,es,
342,Las aventuras de Tom Sawyer,"Twain, Mark",El Mundo,es,9788481301496
343,Guerras privadas,"Ugarte, Pedro",NH Hoteles,es,
344,"Garzón, el hombre que veía amanecer","Urbano, Pilar",Plaza & Janés,es,9788401376511
345,Libros escogidos (biblioteca de Selecciones),"Varios (Victoria Holt, Francis Clifford, Winston M. Estes, Dr. Charles W. Mayo)",Selecciones del Reader's Digest,es,
346,Don Juan de Borbón,Varios,"Rueda J.M.S.A., ediciones",es,9788484470281
347,Grace Kelly,Varios,"Rueda J.M.S.A., ediciones",es,9788484470182
348,Bearn o La sala de las muñecas,"Villalonga, Lorenzo",Seix Barral,es,9788432220036
349,The president's child,"Weldon, Fay",Coronet,en,9780340339657
350,La lápida templaria,"Wilcox, Nicholas",Planeta,es,9788461122011
351,La colina de watership,"Adams, Richard",Círculo de Lectores,es,9788422607441
352,Las paredes oyen. La verdad sospechosa,"Alarcón, Juan Ruiz de",Planeta,es,9788432039522
353,Vincere il demonio con Gesù,"Amorth, Gabriele; Musolesi, Angela",Paoline,it,9788831545907
354,El rey Arturo y los Caballeros de la Tabla Redonda,"Mañé Garzón, Pablo","29, ediciones",es,9788471752734
355,Lieschen Radieschen,"Auer, Martin; Scheffler, Axel",Beltz & Gelberg,de,9783407741905
356,Cinco panes de cebada,"Baquedano, Lucia","SM, ediciones",es,9788434808751
357,El cáliz de Carlos V,"Bulnes, Miguel de",sicidea,es,9788461106059
358,Costumari valencià/2. Coses de poble,"Capó, Bernat","Bullent, ediciones",ca,9788486390785
359,Los inocentes de París,"Cesbron, Gilbert",Planeta,es,
360,La regenta I,"Clarín, Leopoldo Alas",Edicomunicacion,es,9788476725450
361,Tres aventuras de Sherlock Holmes,"Doyle, Arthur Conan",Lumen,es,9788426434098
362,Las iluminaciones del hermano Santiago,"Descola, Jean",Argos Vergara,es,9788470177743
363,Odessa,"Forsyth, Frederick",Plaza & Janés,es,9788401350894
364,Ser Joan Fuster,"Fuster, Joan",Edicions Bromera,es,9788476601037
365,Cantiga de agüero,"Gómez Ojea, Carmen","Destino, ediciones",es,9788423311774
366,La hija de Burger,"Gordimer, Nadine",Planeta,es,9788408462057
367,Tres años después,"Hoyos, Melchor",Joitor ediciones,es,9788440443922
368,El último verano,"Hunter, Evan",Caralt,es,9788421741375
369,De un pais lejano,"Ionescu, Angela C.",Doncel,es,9788432505713
370,Claves para un día de febrero,"Izquierdo, Antonio",Planeta,es,9788432041914
371,Cincuenta sombras de Grey,"James, E. L.",Grijalbo,es,9788425348839
372,Para lo bueno y para lo malo,"Jordan, Penny",Harlequin,es,
373,Capitanes intrépidos,"Kipling, R.",Vasco Americana,es,9788431903855
374,Eran diez,"Konsalik, Heinz G.",Plaza & Janés,es,9788401303333
375,Color de Fuego,"Kurtz, Carmen",Lumen,es,9788426434036
376,Carlota y el misterio de los gatos hipnotizados,"Lienas, Gemma",Planeta,es,9788408098577
377,De noche soy indiscreta,"Linares, Luisa María",Juventud,es,9788426105325
378,Fulanita y sus menganos,"Laiglesia, Álvaro de",Planeta,es,9788432021213
379,El último encuentro,"Márai, Sándor",Salamandra,es,9788478886012
380,Confieso que he vivido. Memorias,"Neruda, Pablo",Planeta,es,9788408462088
381,Was ist los mit meinem Bruder?,"Rauprich, Nina",Omnibus,de,9783570208793
382,Un juicio de piedra. Me parecía un demonio,"Rendell, Ruth",Mundo Actual,es,9788474542165
383,El Cardenal,"Robinson, Henry Morton",Planeta,es,9788432028038
384,El cazador de caballos,"Sandoz, Mari",José J. de Olañeta,es,9788476515297
385,Los tíos de sicilia,"Sciascia, Leonardo",Planeta,es,9788408461869
386,La comedia de las equivocaciones,"Shakespeare, William",Mestral libros,es,9788475752402
387,El amo del juego,"Sheldon, Sidney",Plaza & Janés,es,9788401360350
388,Nadie debería morir,"Slaughter, Frank G.",Círculo de Lectores,es,
389,El dilema del doctor Carter,"Slaughter, Frank G.",Caralt,es,9788421742723
390,Costa ardiente,"Smith, Wilbur",Círculo de Lectores,es,9788422627623
391,Experiencias,"Varios: Andrea Camilleri, Raymond Carver, Almudena Grandes, Grahan Greene y Primo Levi",Salamandra,es,
392,Archipiélago francés,Varios,La oveja roja,es,
393,Biblioteca de Selecciones,"Varios (J. H. Williams, William Faulkner, Henry Morton Robinson, David W, Peck, Eric Williams)",Selecciones del Reader's Digest,es,
394,La navaja,"Vázquez Azpiri, Héctor",Emiliano Escolar,es,9788473930970
395,Grandeza y servidumbre de 20 premios planeta,"Arce, Carlos de","Picazo, ediciones",es,
396,Madre de alquiler,"Ashley, Shelley V.",Círculo de Lectores,es,9788422635802
397,Ésta es mi cosecha,"Atkins, Lee",Planeta,es,
398,El reposo de Baco,"Boileau, Pierre",Círculo de Lectores,es,
399,Paloverde,"Briskin, Jacqueline",Plaza & Janés,es,9788401370809
400,El Ingenioso Hidalgo Don Quijote de la Mancha,"Cervantes Saavedra, Miguel de",Espasa-Calpe,es,
401,Desnuda por el mundo,"Chamales, Tom T.",Plaza & Janés,es,
402,La escapada,"Cordelier, Jeanne",Noguer,es,9788427938472
403,The Witches,"Dahl, Roald",Penguin,en,9780141322643
404,Regina,"Danella, Utta",Círculo de Lectores,es,
405,Retrato de la lozana andaluza,"Delicado, Francisco",Círculo de Amigos de la Historia,es,
406,Todos somos culpables,"Eaubonne, Françoise d'",Círculo de Lectores,es,
407,Genestel,"Estrade, Sebastian",Bruguera,es,
408,Olivia Joules and the oveactive imagination,"Fielding, Helen",Picador,en,9780330432740
409,Tom Jones,"Fielding, Henry",Mateu,es,
410,The Great Gatsby,"Fitzgerald, F. Scott",Penguin,en,9780141182636
411,El emperador,"Forsyth, Frederick",Plaza & Janés,es,9788401371202
412,Un millón de muertos,"Gironella, Jose Mª",Planeta,es,
413,La Ondina y otros cuentos,"Grimm, Jacob y Wilhelm",Compañía Europea de Comunicación e Información,es,9788479690366
414,Gestapo,"Hassel, Sven",Plaza & Janés,es,
415,Tan bueno como el oro,"Heller, Joseph",Bruguera,es,9788402074225
416,Ruy Blas,"Hugo, Victor","Rodegar, ediciones",es,
417,Tarántula. La bella y la bestia.,"Jonquet, Thierry",Círculo de Lectores,es,9788422625803
418,Duermen bajo las aguas,"Kurtz, Carmen",Círculo de Lectores,es,
419,Camila,"L'Engle, Madeleine",Alfaguara,es,9788420448008
420,El rizo,"Littell, Robert",Plaza & Janés,es,9788401351082
421,La tempestad,"Prada, Juan Manuel de",Planeta,es,9788408022947
422,La gangrena,"Salisachs, Mercedes",Planeta,es,9788432053429
423,Shibumi,Trevanian,Plaza & Janés,es,9788401812637
424,El moralista,"Trigo, Felipe",Emiliano Escolar,es,9788473931137
425,Selecciones de la narrativa mundial del Reader's Digest oct-nov,Varios,Selecciones del Reader's Digest,es,
426,El abogado del diablo,"West, Morris","G. P., ediciones",es,
427,Las hogueras,"Alós, Concha",Planeta,es,9788432000133
428,"El gran atraco a ""Brink's""","Behn, Noel",Plaza & Janés,es,9788401370328
429,Tiburón,"Benchley, Peter",Pomaire,es,9788428603997
430,La adoración,"Borel, Jacques",Plaza & Janés,es,
431,El arte de contar cuentos,"Byant, Sara C.",Biblária,es,9788489095045
432,El alcalde de Zalamea,"Calderón de la Barca, Pedro",Bruño,es,9788421616109
433,La familia de Pascual Duarte,"Cela, Camilo José","Destino, ediciones",es,9788423307326
434,El sueño eterno,"Chandler, Raymond",Planeta/Bruguera,es,9788432086106
435,Banco,"Charrière, Henri",Plaza & Janés,es,9788401350900
436,El amante,"Duras, Marguerite",Planeta,es,9788408462187
437,The complete book of rules,"Fein, Ellen y Schneider, Sherrie",Element,en,9780722539743
438,Los cipreses creen en Dios,"Gironella, Jose Mª",Planeta,es,
439,Lluvia de oro,"Grey, Zane",Juventud,es,
440,Raíces,"Haley, Alex",Mundo Actual,es,9788474540505
441,El clan,"Heras, Raul","Temas de Hoy, ediciones",es,9788478800438
442,Madre dulce,"Jolley, Elizabeth",Espasa-Calpe,es,9788423923540
443,Zanzibar,"Kaye, M. M.",Plaza & Janés,es,9788401360428
444,El rizo,"Littell, Robert",Plaza & Janés,es,9788401351082
445,La agenda de Ícaro,"Ludlum, Robert",Planeta,es,9788432040528
446,El enigma de parsifal,"Ludlum, Robert",Bruguera,es,9788402094070
447,GIAP o la guerra de un pueblo,"Quang, Gerard Le",DOPESA,es,9788472350922
448,Historia de la vida del Buscón,"Quevedo, Francisco de",Espasa-Calpe,es,9788423920242
449,Los aventureros,"Robbins, Harold",Círculo de Lectores,es,
450,Por ti lo haría mil veces,"Sartorius, Isabel",Martínez Roca ediciones,es,9788427038127
451,Críticas gastronómicas,Savarin,Prensa Española,es,
452,Los gozos y las sombras. III. La Pascua triste,"Torrente Ballester, Gonzalo",Alianza editorial,es,9788420690209
453,Las Leyes de Nuestros Padres I y II,"Turow, Scott",Plural,es,9788441313958
454,John Fitzgerald Kennedy,"Gasós Laviña, Dolors","Rueda J.M.S.A., ediciones",es,9788487507304
455,Aristóteles Onassis,Varios,"Rueda J.M.S.A., ediciones",es,9788484470267
456,Relatos de duendes,Varios,EDIMAT libros,es,9788497646314
457,Las sandalias del pescador,"West, Morris",Pomaire,es,
458,El alcalde de Zalamea,"Calderón de la Barca, Pedro",Espasa,es,
459,Coyote,"Barnes, Linda",Atlas,es,9789025401153
460,Charlie Chaplin,"Bazin, André; Rohmer, Eric",Fernando Torres,es,9788473660136
461,En busca del arca perdida de Noé,"Berlitz, Charles",Círculo de Lectores,es,
462,"¡Dios, la que se ármo!","Candel, Francisco",Bruguera,es,
463,El espía que surgió del frío,"Carre, John le",Bruguera,es,9788402071880
464,La chica del tambor,"Carre, John le",Planeta/Seix Barral,es,9788432065347
465,El licenciado vidriera y otras novelas ejemplares,"Cervantes Saavedra, Miguel de",Salvat,es,
466,Querida María Antonieta,"Chalon, Jean",Salvat,es,9788434591837
467,El comité para la prevención de la tortura,"Cruz Ros, Javier",Ebe ediçions,es,9788469968628
468,Robinson Crusoe II,"Defoe, Daniel",Planeta,es,
469,El desfile de la victoria,"Díaz-Plaja, Fernando",Argos Vergara,es,9788470173073
470,El paràsit,"Doyle, Arthur Conan",Tres i Quatre,cs,9788475022260
471,Tu también naciste desnudito,"Laiglesia, Álvaro de",Planeta,es,
472,Santiago Ramón y Cajal,"Leirós, Waldo","Urbión, ediciones",es,9788475231020
473,El ultimatum de Bourne,"Ludlum, Robert","B, ediciones",es,9788440627421
474,El ultimatum de Bourne,"Ludlum, Robert","B, ediciones",es,9788440627421
475,Kaputt,"Malaparte, Curzio","G. P., ediciones",es,
476,Celeste,"Marshall, Rosamond",Planeta,es,9788432011047
477,La rosa de arena,"Montherlant, Henry de",Seix Barral,es,9788432219092
478,Amapola entre espigas,"Noel, Eugenio",Emiliano Escolar,es,9788473930833
479,El retorno de los brujos,"Pauwels, Louis; Bergier, Jacques",Plaza & Janés,es,9788401410123
480,El retorno de los brujos,"Pauwels, Louis; Bergier, Jacques",Plaza & Janés,es,
481,Juan Carlos,"Preston, Paul",Plaza & Janés,es,9788401378249
482,Residuals o independents?,"Pujol, Jordi",Pórtic,ca,9788498091885
483,Aventura en los Andes,"Radau, Hanns",Noguer,es,9788427931046
484,Todos los parques no son un paraíso,"Roig, Antonio",Planeta,es,9788432041136
485,Un mundo a cuestas,"Rubio, Rodrigo",Editorial Prensa Española,es,
486,Las torres de silencio. Reparto de despojos,"Scott, Paul",Planeta/Seix Barral,es,9788432240096
487,El segrest de Xico Black,"Seguí, josep lluís",Gregal llibres,ca,9788475751306
488,En un jardin oscuro,"Slaughter, Frank G.",Planeta,es,
489,Der Zimmer-springbrunnen,"Sparschuh, Jens",btb,de,9783442720705
490,Una vez no basta,"Susann, Jacqueline",Mundo Actual,es,9788485224456
491,Los gozos y las sombras. I. El señor llega,"Torrente Ballester, Gonzalo",Alianza Editorial,es,9788420613086
492,Apache,"Wellman, Paul L.","G. P., ediciones",es,
493,Opus Dei,"Berglar, Peter",RIALP,es,9788432123832
494,Veinticuatro horas,"Bromfield, Louis",Planeta,es,
495,Los Secretos Mejor Guardados,"Brown, Sandra","B, ediciones",es,9788440625472
496,Mi tío,"Carriere, Jean Claude","G. P., ediciones",es,
497,El otro árbol de Guernica,"Castresana, Luis de",Círculo de Lectores,es,
498,Papillon,"Charrière, Henri",Plaza & Janés,es,9788401410017
499,El Ingenioso Hidalgo Don Quijote de la Mancha II,"Cervantes Saavedra, Miguel de",ABC,es,9788441320543
500,El Ingenioso Hidalgo Don Quijote de la Mancha,"Cervantes Saavedra, Miguel de",Empresa pública Don quijote,es,
501,Soy la madre,"Conde, Carmen",Planeta,es,9788432055317
502,El príncipe de las mareas,"Conroy, Pat",Versal,es,9788486717292
503,Los turistocratas,"Daninos, Pierre",DOPESA,es,9788472352162
504,Memorias de guerra. La unidad (1942-1944),"Gaulle, Charles De","G. P., ediciones",es,
505,KG 200,"Gilman, J. D.; Clive, John",Pan,es,9780330253581
506,The Palace Diaries,"Goodall, Sarah; Monson, Nicholas",Mainstream Publishing,en,9781845961886
507,Actividades para un joven naturalista,"Graham, V. E.",Adara,es,9788438500422
508,Don Camilo,"Guareschi, Giovanni",Planeta,es,9788432013782
509,La ruta sangrienta,"Hassel, Sven",Plaza & Janés,es,9788401929090
510,The Rawhider,"Heckelmann, Charles N.",Fawcett Popular Library,en,9780445041400
511,Entre dos patrias,"D'Izieu, Jean; Sabathier, Michel",Mensajero,es,
512,Querido Tim,"Kurtz, Carmen","SM, ediciones",es,9788434812246
513,Llovida del cielo,"Kyne, Peter B.",Juventud,es,
514,Papá pisa las tablas,"Louki, Pierre",Alfaguara,es,---
515,Doble imagen,"MacInnes, Helen",Bruguera,es,
516,La camisa del revés,"Martin, Andreu",Ultramar,es,9788473863353
517,Miguelón,"Moix, Ana María",Anaya,es,9788475253565
518,Don Juan. Tartufo,Molière,Altaya,es,9788448715724
519,Del ático al entresuelo,"Padilla, Pedro Pablo",Planeta,es,
520,El presidente,"Pearson, Drew","Martínez Roca, ediciones",es,9788427002258
521,Las enfermedades del amor,"Pinillos, Isabel; Herrero, Miguel Gª",Index,es,9788470872983
522,"Mujeres de blanco. Proyecto Hermes. Jezabel, el precio del pecado","Slaughter, Frank G.",Caralt,es,9788421710524
523,La flecha negra,"Stevenson, Robert Louis",Espasa,es,9788423970766
524,Rafael de Trabazos,"Suárez, Rosa Mª",R.M.,es,9788440413215
525,El castillo de Noé,"Townsend, John R.","SM, ediciones",es,9788434808355
526,Topaz,"Uris, Leon",Bruguera,es,
527,Biblioteca de Selecciones. Libros escogidos,"Varios (Dorothy Uhnak, Hans Hellmut Kirst, Eulalia Galvarriato, Camilo José Cela, Taylor Caldwell)",Selecciones del Reader's Digest,es,
528,El mundo de la opera. Vol. II. Un divertimento cortesano,Varios,"Tiempo, ediciones",es,
529,El mundo de la opera. Vol. I. El descubrimiento italiano,Varios,"Tiempo, ediciones",es,
530,Fuenteovejuna. Peribañez,"Vega, Lope de",Taurus,es,
531,Belledonne habitación 16,"Vries, Anke de","SM, ediciones",es,9788434809239
532,Five Famous Fairy Tales,"West, Michael",Longman,en,9780582535213
533,The Lady from the Sea,"West, Michael",Longman,en,9780582534131
534,King Arthur and the Knights of the Round Table,"West, Michael",Longman,en,9780582534155
535,Nuestros mejores vinos. La guía 2006,Varios,Todovino the spanish wine shop,es,9788460975502
536,¿Dónde viviremos mañana?,"Ragon, Michel",Luis de Caralt,es,
537,La ley de Murphy del 2000,"Bloch, Arthur","Temas de Hoy, ediciones",es,9788478809851
538,Tócala otra vez,"Bogart, Stephen Humphrey","B, ediciones",es,9788440650399
539,La casona,"Bromfield, Louis",Planeta,es,
540,Top Model,"Campbell, Naomi","B, ediciones",es,9788440650337
541,Un hueso en la autopista,"Camus, William","SM, ediciones",es,9788434808348
542,Cela obras completas vol. 4 (El gallego y su cuadrilla y otros apuntes carpetovetónicos),"Cela, Camilo José",Destino,es,9788439514961
543,Papillon,"Charrière, Henri",Plaza & Janés,es,
544,The Psychic Pathway,"Choquette, Sonia",Three rivers press,en,9780517884072
545,Doña Berta y otros relatos,"Clarin, Leopoldo Alas",Salvat,es,
546,Soy la madre,"Conde, Carmen",Planeta,es,9788432055317
547,La rebel.lió dels conills mágics,"Dorfman, Ariel",Empúries,ca,
548,Lost in New York,"Escott, John",Penguin,en,9780582251762
549,Cuando duerma la bestia,"Marqués Estiguín, J. L.",J.L. Marqués Estiguín,es,9788440036735
550,Los perros de la guerra,"Forsyth, Frederick",Plaza & Janés,es,9788401301445
551,El Comunismo contado con sencillez,"Frutos, Francisco",MAEVA,es,9788495354433
552,El milagro solar de Fátima,"Haffert, John","Sol de Fátima, ediciones",es,
553,Flores para algernon,"Keyes, Daniel","Acervo, ediciones",es,9788470021770
554,Benicalaf,"Llueca Ubeda, Emilio",Confederación española de Cajas de Ahorros,es,9788475803593
555,La pasión del doctor Christian,"McCullough, Colleen",Plaza & Janés,es,9788401321733
556,No digas que fue un sueño,"Moix, Terenci",Planeta,es,9788432055911
557,Lucky Luke - Clasicos del comic,Morris; Goscinny,Clásicos del cómic,es,9788496389113
558,Una derrota bastante honrosa,"Murdoch, Iris",Planeta,es,9788408462286
559,Sangre de amor correspondido,"Puig, Manuel",Planeta,es,9788408462200
560,El cercle màgic. Volum I,"Puig i Ferreter, Joan",Edicions Proa,ca,
561,Si vas para Chile,"Sáenz, Miguel","Marte, ediciones",es,9788472491298
562,La locura de Finn,"Southall, Ivan","SM, ediciones",es,9788434812611
563,Rascacielos,"Stern, Richard Martin",Círculo de Lectores,es,9788422606291
564,"Un vago, dos vagos, tres vagos","Wyoming, El Gran","Temas de Hoy, ediciones",es,9788484600527
565,Historia de la gente,"Mingote, Antonio",Taurus,es,
566,Manual de alteraciones esqueléticas en pequeños animales,Varios,"S, ediciones",es,9788487736728
567,Arturo y Clementina,"Turin, Adela; Bosnia, Nella",Lumen,es,9788426435699
568,Arte del mundo moderno. Del neoclásico al pop art,"Munari, Carlo",Teide,es,9788430783045
569,El libro de Saladino II,"Alí, Tariq",RBA,es,
570,"Octubre, octubre. Volumen II","Sampedro, José Luis",Bibliotex El Mundo,es,9788481303377
571,Divina Comedia II,"Alighieri, Dante","Orbis, ediciones",es,9788475301426
572,Don Quijote de la Mancha. Parte I,"Cervantes Saavedra, Miguel de",Bibliotex,es,9788481301090
573,National Gallery,Varios,Espasa,es,9788467438048
574,Baby signos,"Carter, Claudia",Cincodeditos,es,9788461497515
575,Leyendas amazónicas,"Jordana Laguna, Jose Luis",Doncel,es,9788432505607
576,1706. La guerra de successió a Vila-Real,"Pitarch Font, Antoni",Ajuntament de Vila-real,es,9788488331908
577,Tragasueños,"Ende, Michel; Fuchshuber, Annegert",Juventud,es,9788426117403
578,Petite soeur,"Macdonald, Patricia",Editions Albin Michel,fr,9782253076674
579,La momie du Louvre,"Boutégège, Règine; Longo, Susanna","Vicens Vives, ediciones",fr,9788431639631
580,Mikado Initiation. Livre de l'élève,"Palomino, Marie",Oxford University Press,fr,9788467306798
581,Mikado Initiation. Cuaderno de actividades,"Palomino, Marie",Oxford University Press,fr,9788467301236
582,Mikado Élémentaire. Livre de l'élève,"Palomino, Marie",Oxford University Press,fr,9788467307375
583,Mikado Élémentaire. Cuaderno de actividades,"Palomino, Marie",Oxford University Press,fr,9788467304152
584,Galipette Initiation: Livre de l'élève,"Palomino, Marie",Oxford University Press,fr,9788467350104
585,Galipette Initiation. Cahier d'activités. Consignes en français,"Palomino, Marie",Oxford University Press,fr,9788467351170
586,Galipette Initiation. Matériel du professeur,"Palomino, Marie",Oxford University Press,fr,9782220011127
587,Galipette Élémentaire. Cuaderno de actividades. Consignas en español,"Palomino, Marie",Oxford University Press,fr,9788467351613
588,Enciclopedia Salvat de la fauna no. 17: Eurasia/Norteamérica,"Rodríguez de la Fuente, Félix",Salvat,es,9788434556515
589,Accés Studio. Pupil book,"Wardle, Michael",Heinemann,en,9780435027223
590,La Atlántida,"Ashe, Geoffrey",Debate,es,9788474447118
591,Ferran Adrià,"Adrià, Ferran",El País,es,9788498158540
592,En forma con frutas y verduras,Varios,Tiempo Libre,es,9788486061142
593,Filatelia. Coleccionismo-Hobby-Inversión,"Martínez-Fornaguera, Alejandro",Teide,es,9788430782857
594,"Sendas del te. Leyenda, historia, cultivo y consumo","Serrat Crespo, Manuel",CPC España,es,9788485256570
595,Revista Mundial 1983,Varios,Alpha,es,9788472252660
596,Enid Blyton's Nature Lover's Book,"Blyton, Enid",Evans Brothers Limited,en,
597,Las aves y sus secretos. Un gran libro de preguntas y respuestas,"Grange, Francois de la; Reille, Antoine",FHER,es,9788424311575
598,Girl Power! (¡El poder de las chicas!),Spice Girls,"B, ediciones",es,9788440675576
599,Son of Stone,"Woods, Stuart",G. P. Putnam's Sons,en,9780399157653
600,The New Cambridge English Course. Practice 4,"O'Sullivan, Desmond; Swan, Michael; Walter, Catherine",Cambridge University Press,en,9780521376525
601,Historias del viejo mundo no. 3. El hombre paleolítico,"Moure Romanillo, Alfonso",Historia 16,es,9788476791011
602,Les 1000 immanquables du 20e siècle,Varios,Larousse,fr,9782035050380
603,Letras de España 1986,Varios,Ministerio de Cultura,es,
604,What is Migration?,"Crossingham, John; Kalman, Bobbie",Crabtree Publishing Company,en,9780865059658
605,Asesinato de calidad. Club del misterio no. 18,"Carre, John le",Bruguera,es,9788402081537
606,Consejos y platos para cuidar el corazón,"Fuster, Valentín",Zinet Media Group,es,
607,Tony Stone Images 1998: Wild,Varios,Fototeca Stone,es,
608,Zona abierta no. 9/10,Varios,Closas-Orcoyen,es,
609,Zona abierta no. 12,Varios,Closas-Orcoyen,es,
610,Alfabet,"Boix, M.; Palàcios, J.",Edicions de L'Ajuntament de L'Alcúdia,ca,
611,Guías de psicologia del bebe y del niño,,Sfera editores,es,9788496732285
612,Museo Picasso Barcelona,"Subirana, Rosa María","Orgaz, ediciones",es,9788485407217
613,Sauver les océans,"MacInnis, Joseph",Éditions du Trécarré,fr,9782892494655
614,Lola Montes,"Ada, Antoine de","Rodegar, ediciones",es,
615,Cancionero y romancero español,"Alonso, Damaso",Salvat,es,9788434580343
616,Las mil y una noches,Anónimo,J. Perez del Hoyo,es,
617,Relatos de robots,"Asimov, Isaac",Unidad editorial,es,9788481300277
618,Leyendas de Guatemala,"Asturias, Miguel Angel",Salvat,es,9788434580398
619,Herzog,"Bellow, Saul",Círculo de Lectores,es,9788422624875
620,Los intereses creados,"Benavente, Jacinto",Espasa-Calpe,es,
621,La vuelta al mundo de un novelista. Tomo III,"Blasco Ibáñez, Vicente",Prometeo,es,
622,La araña negra. Vol. I y II,"Blasco Ibáñez, Vicente",A.T.E.,es,9788485047598
623,Narraciones,"Borges, Jorge Luis",Salvat,es,9788434580190
624,Mala gente,"Bruno, Anthony",Planeta,es,9788432072444
625,Mrs. Caldwell habla con su hijo,"Cela, Camilo José",Salvat,es,9788434580091
626,Narraciones,"Chejov, Anton P.",Salvat,es,
627,Los oficios,Ciceron,Espasa-Calpe,es,
628,Doña Berta y otros relatos,"Clarin, Leopoldo Alas",Salvat,es,9788434580374
629,Un grito en la noche,"Clark, Mary Higgins",Círculo de Lectores,es,9788422616986
630,El Vals Inacabado,"Clément, Catherine",Martínez Roca,es,
631,Maridos de Hollywood,"Collins, Jackie",Plaza & Janés,es,9788401494529
632,Hora punta,"Collins, Joan","B, ediciones",es,9788440603746
633,Rayuela,"Cortázar, Julio",Seix Barral,es,9788432221552
634,La isla a mediodía y otros relatos,"Cortázar, Julio",Salvat,es,9788434580138
635,La Bella Otero,"Costa Clavell, Javier","Rodegar, ediciones",es,
636,Las crónicas del Sochantre,"Cunqueiro, Alvaro",Salvat,es,9788434580381
637,La hoja roja,"Delibes, Miguel",Salvat,es,9788434580077
638,La hoja roja,"Delibes, Miguel",Salvat,es,
639,Son mis amores reales,"Dicenta (hijo), Joaquin",Cisne,es,
640,El jugador,"Dostoievski, Fedor",Salvat,es,9788434580084
641,El jugador,"Dostoievski, Fedor",Salvat,es,
642,Justine - El Cuarteto de Alejandria I,"Durrell, Lawrence",EDHASA,es,9788435015523
643,El séptimo santuario,"Easterman, Daniel",Planeta,es,9788432046971
644,Mano a mano con papá,"Faucher, Elizabeth","B, ediciones",es,9788440649522
645,Los invictos,"Faulkner, William",Bruguera,es,9788402076991
646,Industrias y andanzas de Alfanhui,"Sánchez Ferlosio, Rafael",Salvat,es,9788434580251
647,Industrias y andanzas de Alfanhui,"Sánchez Ferlosio, Rafael",Salvat,es,9788434580251
648,La dama del armiño,"Fernández Ardavín, Luis","Alfil, ediciones",es,
649,Teatro completo,"Fernández de Moratín, Leandro",Bruguera,es,
650,La muerte de Artemio Cruz,"Fuentes, Carlos",Salvat,es,9788434580336
651,Versos de mi ciudad,"Gagliardi, Hector",Julio Korn,es,
652,"Manual de diagnóstico de laboratorio en pequeños animales, 2ª edición","Villiers, Elizabeth; Blackwood, Laura (Eds.)","S, ediciones",es,9788487736698
653,Acapulco,"Garibay, Ricardo",Grijalbo,es,
654,La chica del tambor,"Carre, John le",Planeta,es,9788432082016
655,Werther,"Goethe, J. W.",Salvat,es,9788434580121
656,Ultima llamada,"Gonzalez de la Garza, Mauricio",Edamex,es,9789684091061
657,El Jardín de las Mentiras,"Goudge, Eileen",Plaza & Janés,es,9788401491795
658,El fin de la aventura,"Greene, Graham","Revista Sur, ediciones",es,
659,El que pierde gana,"Greene, Graham","Revista Sur, ediciones",es,
660,El reves de la trama,"Greene, Graham","Revista Sur, ediciones",es,
661,La coartada perfecta,"Highsmith, Patricia",Unidad editorial,es,9788481300055
662,Prohibido a los nerviosos,Varios,Planeta/Bruguera,es,9788432082283
663,La luna del Cazador,"Holt, Victoria",Planeta,es,9788432037764
664,La Ilíada,Homero,Espasa-Calpe,es,
665,La hora mágica,"Isaacs, Susan","B, ediciones",es,9788440625458
666,Ulises I,"Joyce, James",Seix Barral,es,9788432220111
667,La metamorfosis,"Kafka, Frank",Salvat,es,9788434580176
668,Misery,"King, Stephen",Plaza & Janés,es,9788401322563
669,Los hermanos de Mowgli,"Kipling, Rudyard",Unidad editorial,es,9788481300529
670,Susrros,"Koontz, Dean R.",Plaza & Janés,es,9788401495434
671,Un Casamiento Convencional,"Lessing, Doris",Argos Vergara,es,9788470177200
672,Un Casamiento Convencional,"Lessing, Doris",Argos Vergara,es,9788470177200
673,los Hijos de Sánchez,"Lewis, Oscar",Grijalbo,es,9789684192461
674,La progresión de Aquitania I y II,"Ludlum, Robert",Planeta,es,9788432082634
675,Antología,"Machado, Antonio",Salvat,es,9788434580169
676,Mesalina,"Maclean, Helen H.","Rodegar, ediciones",es,
677,El conde lucanor,"Juan Manuel, Infante Don",Espasa-Calpe,es,
678,Una chica traviesa,"Marshall, Bruce",Plaza & Janés,es,9788401909665
679,El médico aconseja,"Mascaro Porcar, Jose Mª",Salvat,es,
680,Benito Cereno,"Melville, Herman",Salvat,es,9788434580282
681,El ricachon en la corte y el enfermo de aprensión,Molière,Espasa-Calpe,es,
682,Nueva grandeza mexicana,"Novo, Salvador",Espasa-Calpe,es,
683,Cien obras maestras de la pintura,"Olivar, Marcial",Salvat,es,9788434580053
684,El espectador,"Ortega y Gasset, Jose",Salvat,es,9788434580671
685,Virgen,"Patterson, James",Círculo de Lectores,es,9788422615484
686,El diablo sobre las colinas,"Pavese, Cesare",Salvat,es,9788434580183
687,Humanidad prehistórica,"Pericot, Luis; Maluquer de Motes, Juan",Salvat,es,9788434580237
688,Los buscadores de conchas,"Pilcher, Rosamunde",RBA,es,9788447318070
689,La chica del tiempo,"Piquer, Eva","SM, ediciones",es,9788434873025
690,Un viaje frustrado. Contrabando,"Pla, José",Salvat,es,9788434580145
691,Narraciones extraordinarias,"Poe, Edgar Alan",Salvat,es,
692,Fuente Ovejuna,"Vega, Lope de",Cátedra,es,9788437602738
693,El Caballero de Olmedo,"Vega, Lope de",Cátedra,es,9788437603094
694,Eloisa esta debajo de un almendro,"Jardiel Poncela, Enrique",Salvat,es,
695,Poemas satíricos,"Quevedo, Francisco de","Nauta, ediciones",es,9788427808997
696,El dios mas pequeño y otros relatos,"Rey, Lester del","Martínez Roca, ediciones",es,9788427005440
697,La revolución mexicana,"Ricciu, Francesco",Bruguera,es,9788402005878
698,Los cazadore de focas de la bahia de Baffin,"Salgari, Emilio",Unidad editorial,es,9788481300482
699,La Casa de las Chivas,"Salom, Jaime",Escelicer,es,
700,Érase una vez Don Quijote,"Sánchez Aguilar, Agustín","Vicens Vives, ediciones",es,9788431678494
701,El corredor de las tormentas,"Sarabande, William",Maeva ediciones,es,9788486478513
702,El bandido adolescente,"Sender, Ramon J.",Salvat,es,9788434580329
703,La gran pesquisa,"Sharpe, Tom",Anagrama,es,9788433966131
704,El Don apacible,"Shókolov, Mijaíl",RBA,es,9788498675245
705,Mística y misterio de los OVNIS,"Silva, José Antonio",Círculo de Lectores,es,9788422623144
706,"Ayax, Antigona. Edipo Rey",Sófocles,Salvat,es,
707,El perfume,"Süskind, Patrick",Seix Barral,es,9788432223464
708,Fantasmas,"Straub, Peter",Plaza & Janés,es,9788401494239
709,La cabeza perdida de Damasceno Monteiro,"Tabucchi, Antonio",Anagrama,es,9788433967053
710,El visitante y otras historias,"Thomas, Dylan",Bruguera,es,9788402079701
711,El vergonzoso en palacio. El burlador de Sevilla,"Molina, Tirso de",EDAF,es,
712,"Guerra y paz, 2","Tolstoi, Leon",Alianza editorial,es,9788420649320
713,Y Tierno galván ascendió a los cielos,"Umbral, Francisco",Seix Barral,es,9788432206191
714,Las palabras de la tribu,"Umbral, Francisco",Planeta,es,9788408011026
715,La tía Tula,"Unamuno, Miguel de",Salvat,es,9788434580046
716,Amor y pedagogía,"Unamuno, Miguel de",Espasa-Calpe,es,9788423901418
717,Paz en la guerra,"Unamuno, Miguel de",Espasa-Calpe,es,9788423901791
718,Tres novelas ejemplares y un prólogo,"Unamuno, Miguel de",Espasa-Calpe,es,
719,Juanita la larga,"Varela, Juan",Salvat,es,9788434580114
720,Luces de bohemia,"Valle-Inclan, Ramón del",Espasa-Calpe,es,9788423995875
721,Tirano banderas,"Valle-Inclan, Ramón del",Espasa-Calpe,es,9788423920020
722,Sonata de primavera,"Valle-Inclan, Ramón del",Salvat,es,
723,La casa verde,"Vargas Llosa, Mario",Argos Vergara,es,9788470176807
724,Los cachorros. El desafío del domingo,"Vargas Llosa, Mario",Salvat,es,9788434580305
725,Grandes autores en libros pequeños,Varios,Planeta,es,
726,Traducción del nuevo mundo de las santas escrituras,Varios,Watchtower Bible and Tract Society of New York,es,
727,El grupo poético de 1927. Antología por Angel González,"González, Angel",Taurus,es,9788430640966
728,Antología general de la poesía mexicana (siglos XVI al XX),Varios,Bruguera,es,
729,El escriba sentado,"Vázquez Montalbán, Manuel",Crítica (Grijalbo Mondadori),es,9788474238204
730,Los hijos del capitán Grant en Australia,"Verne, Julio",RBA,es,9788447332335
731,20.000 leguas de viaje submarino,"Verne, Julio",Bruguera,es,
732,Viaje al centro de la Tierra,"Verne, Julio",El Mundo,es,9788481301885
733,Pájaro de celda,"Vonnegut, Kurt",Argos Vergara,es,9788470179327
734,Presunto heredero,"Wade, Henry","Picazo, ediciones",es,9788436101096
735,Ben-Hur,"Wallace, Lewis",Anaya,es,9788420739526
736,Las dos ancianas,"Wallis, Velma","B, ediciones",es,9788440661715
737,La máquina del tiempo,"Wells, H. G.",Bruguera,es,9788402078223
738,Fan Club,"Wallace, Irving",Planeta/Grijalbo,es,9788432082115
739,Relatos,Stendhal,Salvat,es,9788434580220
740,Las aventuras de Tom Sawyer,"Twain, Mark",Salvat,es,
741,Calidoscopio,"Steel, Danielle",Planeta DeAgostini,es,9788439590378
742,Incordie a Jack Barron,"Spinrad, Norman","Acervo, ediciones",es,9788470021848
743,off-side,"Torrente Ballester, Gonzalo",Destino,es,9788423311033
744,Llamada mortal II,"Stine, R. L.","B, ediciones",es,9788440677020
745,Bajo el agua,"Winthrop, Joan",Plaza & Janés,es,9788401460487
746,El pianista del gueto de Varsovia,"Szpilmnan, Wladyslaw",Turpial - Amaranto,es,9788492160587
747,Un yanqui en la corte del Rey Arturo,"Twain, Mark",Anaya,es,9788420733531
748,Teresa Raquin,"Zola, Émile","Alonso, ediciones",es,9788437100937
749,La conjura de los necios,"Toole, John Kennedy",Anagrama,es,9788433930149
750,La mafia,"Sondern, Frederick",Bruguera,es,
751,Autobiografía,"Twain, Mark",Espasa,es,9788467014006
752,"Tres novelas del Siglo de Oro: Lazarillo de Tormes, La vida del Buscón y El Diablo Cojuelo","Varios: Anónimo, Francisco de Quevedo, Vélez de Guevara",Planeta,es,9788432065330
753,Puerto Vallarta,"Waller, Robert J.",Plural,es,9788441313774
754,Los manuscritos de Magdala,"Wood, Barbara",RBA,es,9788447318575
755,Germinal,"Zola, Émile","Torre, ediciones de la",es,9788479600662
756,El rito,"García Blázquez, José Antonio","Destino, Ediciones",es,9788423308354
757,El ingenioso hidalgo Don Quijote de la Mancha,"Cervantes Saavedra, Miguel de",Espasa-Calpe,es,
758,Novelas ejemplares,"Cervantes Saavedra, Miguel de",Espasa-Calpe,es,
759,Así vivían en Babilonia,"Lara Peinado, Federico",Anaya,es,9788420734439
760,El ídolo de silicio,"Shallis, Michael",Salvat,es,9788434583962
761,El panorama inesperado,"Trefil, James S.",Salvat,es,9788434583771
762,Las raíces de la vida,"Hoagland, M.",Salvat,es,9788434583689
763,El telar mágico,"Jastrow, Robert",Salvat,es,9788434583665
764,El aire en peligro,"Breuer, Georg",Salvat,es,9788434584167
765,Tecnologías alternativas,"Dickson, David","Orbis, Ediciones",es,9788476342077
766,El medio ambiente,"George, Pierre","Orbis, Ediciones",es,9788476344156
767,La polución atmosférica,"Chovin, Paul; Roussel, André","Orbis, Ediciones",es,9788476345238
768,La mente humana,"Rayner, C.","Orbis, Ediciones",es,9788476341483
769,"El cuerpo humano, Vol. I y II","Leakey, Richard E./Rayner, C.","Orbis, Ediciones",es,MAL
770,"La formación de la humanidad, Vol. I y II","Rayner, C.","Orbis, Ediciones",es,9788476341735
771,"Exploración del espacio, Vol. I, II, III y IV","Gatland, Kenneth y otros","Orbis, Ediciones",es,9788476340011
772,"El libro del clima, Vol. I, II y III","Hardy, R.; Wright, P.; Gribbin, J.; Kington, J.","Orbis, Ediciones",es,9788476344507
773,"El hombre al desnudo, Vol. I, II, III y IV","Morris, Desmond","Orbis, Ediciones",es,9788476344903
774,"Libro básico del ordenador personal, Vol. I, II y III","Rodwell, Peter","Orbis, Ediciones",es,9788476346471
775,"El hombre futuro. ¿Un mundo feliz o una pesadilla genética?, Vol. I y II.","Stableford, Brian","Orbis, Ediciones",es,9788476348284
776,"La ciencia en la ciencia ficción, Vol. I y II.","Langford, David; Stableford, Brian","Orbis, Ediciones",es,9788476349151
777,60 respuestas a las 60 eternas preguntas del escritor novel,"Rivadeneyra, Ariel",Planeta,es,
778,"Robinson Crusoe, Volumen I","Defoe, Daniel",Lumen,es,9788426443663
779,El cartero del rey. El asceta. El rey y la reina,"Tagore, Rabindranaz",Alianza Editorial,es,9788420619408
780,Flair Collection: Cover Girls. Model Flirt. Fashion Victim,"William, Kate; Pascal, Francine",Bantam Books,en,9780553812817
781,Las aventuras de Tom Sawyer y otras obras,"Twain, Mark",Grafalco,es,9788477731641
782,Mi vida,"Duncan, Isadora",Salvat,es,9788434591400
783,Pau Casals,"Baldock, Robert",Salvat,es,9788434591417
784,Cleopatra,"Bradford, Ernle",Salvat,es,9788434591172
785,Marx,"Blumenberg, Werner",Salvat,es,9788434591493
786,Gaudí,"Bassegoda Nonell, Juan",Salvat,es,9788434591509
787,Beethoven,"Scott, Marion M.",Salvat,es,9788434591516
788,Colón,"Voltes, Pedro",Salvat,es,9788434591547
789,Maquiavelo,"Barincou, Edmond",Salvat,es,9788434591554
790,Maquiavelo,"Barincou, Edmond",Salvat,es,9788434591554
791,Pánico en la nieve,"Stine, R. L.","B, ediciones",es,9788440662262
792,Prisionero del Río Negro,"Surget, Alain",Everest,es,9788424131722
793,Expecting the Impossible,"Leonard, Christine",Scripture union,en,9780862017903
794,Las mujeres sabias. El avaro. El burgues gentilhombre. El enfermo de aprension. Las preciosas ridiculas. Tartufo. El medico a palos.,Moliere,Bruguera,es,
795,Dallas,"Raintree, Lee",Plaza & Janés,es,9788401303081
796,Las ciudades del antiguo México,"Sabloff, Jeremy A.","Destino, Ediciones",es,9788423320646
797,"El hombre, animal cibernético","Sapárina, Yelena",Planeta,es,
798,El ingenioso hidalgo Don Quijote de la Mancha,"Cervantes Saavedra, Miguel de",Susaeta ediciones,es, 9788430570287
799,Sus mejores versos. Miguel de Cervantes Saavedra,"Cervantes Saavedra, Miguel de",,es,
800,My Life on a Plate,"Knight, India",Penguin Books,en,9780140281873
801,Los vinos de España,"Torres, Miguel A. ","Castell, ediciones",es,9788474893281
802,Peonza. Álbum II. # 120,Varios,Asociación cultural Peonza,es,
803,Peonza. El Arte y el Álbum Ilustrado. # 75/76,Varios,Asociación cultural Peonza,es,
804,"Gran crónica de la segunda guerra mundial, Tomos I, II y III",Varios,Selecciones del Reader's Digest,es,
805,Holiday with the Fiend,"Lavelle, Sheila",HarperCollins Publishers,en,9780006727873
806,Across the barricades,"Lingard, Joan",Puffin books,en,9780140306378
807,Your code name is Jonah,"Packard, Edward",Bantam books,en,9780553231823
808,A narrow Squeak and other animal stories,"King-Smith, Dick",Puffin books,en,9780140349634
809,The house at Pooh Corner,"Milne, A. A.",Methuen Children's Books,en,9780416225709
810,In Natalie's Garden,"Mayne, William",Walker books,en,9780744563931
811,The Butterfly Lion,"Morpurgo, Michael",Collins Children's Books,en,9780006751038
812,The Worst Witch,"Murphy, Jill",Puffin books,en,9780140311082
813,The Worst Witch All at Sea,"Murphy, Jill",Puffin books,en,9780140343892
814,The Worst Witch Strikes Again,"Murphy, Jill",Puffin books,en,??
815,A bad spell for the worst Witch,"Murphy, Jill",Puffin books,en,9780140314465
816,Me and My Mates,"Macfarlane, Aidan; mcPherson, Ann",Pan books,en,9780330316156
817,We like to help,"Murray, William",Ladybird books,en,9780721405421
818,Jump from the sky,"Murray, William",Ladybird books,en,9780721400211
819,Sunny days,"Murray, William",Ladybird books,en,9780721405544
820,The Railway Children,"Nesbit, Edith",Oxford University press,en,9780194230131
821,Drogas mentales. El desafío de la química a la psicoterapia,"Battista, O. A. ","Herrero Hermanos, sucesores",es,
822,Usted puede sanar su vida,"Hay, Louise L.","Urano, ediciones",es,9788486344658
823,Así son las drogas,"Leigh, Vanora",Dictext,es,9788488171016
824,Yoga en 10 lecciones,"Roumanes, Jean-Pierre",Cantabrica,es,9788422104032
825,El poder de los alimentos que curan,"Ryman, Danièle",Tikal ediciones,es,9788430582808
826,La homeopatía,"Ullman, Dana","Martínez Roca, ediciones",es,9788427014121
827,Salud total en 8 semanas,"Weil, Andrew",Urano,es,9788479531959
828,Until I find you,"Irving, John",Bloomsbury,en,9780747579908
829,Dawson's Creek. Shifting Into Overdrive,"Anders, C. J. ",Channel 4 books (Macmillan Publishers),en,9780671024765
830,Dawson's Creek. Too Hot to Handle,"Anders, C. J. ",Channel 4 books (Macmillan Publishers),en,9780752271521
831,Dawson's Creek. Double exposure,"Anders, C. J. ",Channel 4 books (Macmillan Publishers),en,9780752213989
832,Dawson's Creek. Don't Scream,"Anders, C. J. ",Channel 4 books (Macmillan Publishers),en,9780752271514
833,Dawson's Creek. Trouble in Paradise,"Anders, C. J. ",Channel 4 books (Macmillan Publishers),en,9780752218755
834,Dawson's Creek. Long Hot Summer,"Rodriguez, K. S. ",Channel 4 books (Macmillan Publishers),en,9780752213729
835,Dawson's Creek. Major Meltdown,"Rodriguez, K. S. ",Channel 4 books (Macmillan Publishers),en,9780752213972
836,Dawson's Creek. The Beginning of Everything Else,"Baker, Jennifer; Williamson, Kevin",Channel 4 books (Macmillan Publishers),en,9780752213446
837,Notting Hill,"Curtis, Richard",Hodder & Stoughton,en,9780340738443
838,Two for Joy,"Scanlan, Patricia",Bantam Press,en,9780593053003
839,Rocky Romance,"Wyeth, Sharon Dennis",Bantam books,en,9780553269482
840,Sugar and Spice,"Wright, Mary",Puffin books,en,9780140329704
841,How to Train your Parenys,"Johnson, Pete",Corgi Yearling Books,en,9780440864394
842,The Woman Who Disappeared,"Prowse, Philip",Heinemann Educational Books,en,9780435270117
843,Funhouse,"Hoh, Diane",Scholastic publications,en,9780590765329
844,Alfred Hitchcock and The Three Investigators in The Secret of The Haunted Mirror,"Carey, M. V. ",Armada,en,
845,…and Freedom (Sugar Secrets),"Sparke, Mel",Collins,en,9780006754428
846,Nancy Drew. Runaway Bride,"Keene, Carolyn",Pocket Books,en,9780671028886
847,The Whizzkid's Handbook 3,"Eldin, Peter",Armada,en,9780006921653
848,Batman,"Gardner, Craig Shaw",Futura,en,9780708843505
849,The Truth About Ryan. Sweet Valley University (Francine Pascal),"John, Laurie",Bantam Books,en,9780553570557
850,The Boys of Summer. Sweet Valley University (Francine Pascal),"John, Laurie",Bantam Books,en,9780553570564
851,Sweet Valley Twin Collection 2: If Looks Could Kill/ The Boyfriend Game/ The Boyfriend Mess,"Suzanne, Jamie",Bantam Books,en,9780553506815
852,Closing,"Fairbairns, Zoë",Methuen,en,9780413146908
853,The Queen of Spades and Other Stories,"Pushkin, Alexander",Penguin Books,en,9780140441192
854,Hold the Dream,"Bradford, Barbara Taylor",Grafton Books,en,9780586058497
855,The Window,"Ellis, Carol",Hippo,en,9780590551403
856,Pony in the Porch,"Daniels, Lucy",Hodder Children's Books,en,9780340607718
857,Wide Range Readers Green Book 5,"Schonell, Fred J.; Flowerdew, Phyllis",Oliver & Boyd,en,9780050037539
858,Starlight City,"Welford, Sue",Oxford University Press,en,9780192750419
859,Chocolat,"Harris, Joanne",Black Swan,en,9780552998932
860,The Pearl,"Steinbeck, John",Heinemann Educational Books,en,9780435270070
861,Moon Island,"Thomas, Rosie",Arrow Books,en,9780749323424
862,The Siege,"Dunmore, Helen",Penguin Books,en,9780141000732
863,Les belles images,"Beauvoir, Simone de",Gallimard,fr,9782070362431
864,Le deuxième sexe I y II,"Beauvoir, Simone de",Gallimard,fr,9782070323517 y  9782070323524
865,Tanguy,"Castillo, Michel del",Gallimard,fr,9782070400911
866,L'Étranger,"Camus, Albert",Gallimard,fr,9782070306022
867,Noces/L'été,"Camus, Albert",Gallimard,fr,
868,Les aventures de Flosco,"Bourliaguet, Léonce",Magnard jeunesse,fr,9782210988057
869,The Lady from the Sea and other Celtic Stories,"West, Michael; Miller, Margaret J.",Longman,en,9780582534131
870,Pokémon. Return of the Squirtle Squad,"West, Tracey",Scholastic Children's Books,en,9780439154291
871,An Inspector Calls,"Priestley, J. B.",Heinemann,en,9780435232825
872,Dinosaur Pox,"Strong, Jeremy",Puffin Books,en,9780140389791
873,Goosebumps. How to kill a monster,"Stine, R. L.",Scholastic Children's Books,en,9780590196451
874,Seven,"Bruno, Anthony",Penguin Books,en,9780140816389
875,The Secret of the Sword,"Daly, Audrey",Ladybird Books,en,9780721409788
876,The Prince and the Pauper,"Twain, Mark",Longman,en,9780582534223
877,The Invisible Man (simplified edition),"Wells, H. G.",Longman,en,9780582275133
878,The Masked Prisoner,"Furneaux, Rupert",Macdonald,en,9780356062716
879,Tom-Tom et Nana: Ça va chauffer!,"Cohen, Jacqueline; Reberg, Evelyne",Bayard editions,fr,9782227731165
880,Les petites Crapules,"Garth, Tony",Mango Jeunesse,fr,9782740414064
881,Une vague d'amour sur un lac d'amitié,"Desplechin, Marie",l'école des loisirs,fr,9782211040419
882,Le dernier dragon,"Bory, Jean-François",l'école des loisirs,fr,9782211040327
883,Engines. Progress and Power,"Rogers, Don E.",Whitman,en,
884,Jack Russell Jackson,"Muir, Helen",Victor Gollancz Ltd.,en,9780575032309
885,Project Omega,"O'Reilly, Elaine",Longman,en,9780582064515
886,Pokémon. Journey to the Orange Islands,"West, Tracey",Scholastic Children's Books,en,9780439169424
887,Pabluras,"Fernández de Velasco, Miguel Martín",Noguer,es,9788427931466
888,Manual del padre,"Breinholst, Willy",Plaza & Janes,es, 9788401350849
889,l'insolence de sa beauté,"Des Cras, Guy",Flammarion,fr,
890,Around the World in Eighty Days,"Faraday, Joyce",ladybird Books,en,9780721407210
891,The Tiger,"Justice, jennifer; Graham, Allen",Piccolo Explorer Books,en,9780330256940
892,Poulette Douillette,"Clément, Claude; Desmoinaux, Christel",Albums Nathan,fr,9782092107980
893,La fugue,"Pommaux, Yvan",,,9782211048866
894,les Cinq et le rubis d'Akbar,"Voilier, Claude",Hachette,,9782010075025
