No,Titulo,Autor
1,Poema del Cid,An�nimo
2,Pedro P�ramo.,"Rulfo, Juan"
3,Los idolatras,"Hegner, William E."
4,Queda la noche,"Pu�rtolas, Soledad"
5,Un encuentro peligroso,"J�nger, Ernst"
6,El pr�ncipe destronado,"Delibes, Miguel"
7,Drogas en el instituto,"Thomas, Jack W."
8,Una noche en el tr�pico,"Baum, Vicki"
9,El perro de los Baskerville,"Doyle, Arthur Conan "
10,Vuelva usted ma�ana y otros art�culos,"Larra, Mariano Jos� de"
11,Hospital General,"Pombo Angulo, Manuel"
12,El diablo cojuelo,"V�lez de Guevara, Luis"
13,El perque de tot plegat,"Monzo, Quim"
14,Boatpeople. Manuale di sopravvivenza ...,"Romeo, Carlo"
15,La comunicaci�n de masas,"Burgelin, Olivier "
16,Shirley y el diamante,"Home-Gall, Edward "
17,Empieza el calor ; Corre hombre ; Tod...,"Himes, Chester"
18,Aprender a razonar,"Pizarro, Fina "
19,Nuevas amistades,"Garc�a Hortelano, J."
20,Arqueolog�a de barcos,"Johnstone, Paul"
21,El l�piz del carpintero,"Rivas, Manuel"
22,Todos los fuegos el fuego,"Cort�zar, Julio "
23,Don Camillo et Peppone,"Guareschi, Giovanni"
24,Helen Keller,"Soler Blanch, Carmen"
25,La Ley De Murphy,"Bloch, Arthur"
26,Gandhi,"Woodcock, George"
27,Teor�a i pr�ctica al voltant de la li...,"Garc�a. Carles; Lluch, Gemma"
28,La Guerra Civil. La Rep�blica partida...,Varios
29,50 cosas que los ni�os pueden hacer p...,Varios
30,Volevo i pantaloni,"Cardella, Lara "
31,L'�n�ide,Virgile
32,The Canterville ghost / El fantasma d�,"Wilde, Oscar "
33,La Celestina,"Rojas, Fernando de"
34,Viento en los puentes,"Mataix, Lucila "
35,Los d�as de amor guerra y omnipotenci...,"Montero, Isaac "
36,"El Tiempo, el Espacio y el T�o Albert","Stannard, Russell "
37,Cart�grafos y aventureros: narradores...,Varios
38,� l'ouest d'octobre,"Bradbury, Ray"
39,Morny,"Rouart, Jean-Marie"
40,A sangre fr�a,"Capote, Truman "
41,Cuentos de la Alhambra,"Irving, Washington"
42,Le Sermon Sur la Chute de Rome,"Ferrari, Jerome"
43,Las georgicas,"Simon, Claude"
44,Los organillos,"Rey, Henri-Fran�ois"
45,Journal intime,"Rheims, Nathalie"
46,Las mil noches de Hortensia Romero,"Qui�ones, Fernando "
47,El aire de un crimen,"Benet, Juan "
48,"Les Miserables, Tome 1.","Hugo, Victor "
49,Clochemerle,"Chevallier, Gabriel "
50,No emprenyeu el comissari!,"Torrent, Ferran"
51,Un sexo llamado d�bil,"Mart�n Vigil, Jos� Luis "
52,Le Jugement final,"Easterman, Daniel "
53,Le myst�re de la chambre 51,"Grimes, Martha "
54,Negros son los dioses de mi �frica,"Yerby, Frank"
55,Der Gefangene des Himmels,"Ruiz Zaf�n, Carlos "
56,La Alternativa Del Diablo,"Forsyth, Frederick "
57,Aventuras de Robinson Crusoe,"Defoe, Daniel "
58,The Great Railway Bazaar,"Theroux, Paul "
59,The kite runner,"Hosseini, Khaled "
60,La Ciudad de la alegria,"Lapierre, Dominique"
61,La nueva organizaci�n del trabajo,"Mateu, Melchor "
62,Retrato de grupo con se�ora,"B�ll, Heinrich "
63,El Juez y su verdugo,"D�rrenmatt, Friedrich "
64,Oficio de difuntos,"Uslar Pietri, Arturo "
65,El reino de este mundo,"Carpentier, Alejo "
66,Los 80 son nuestros,"Diosdado, Ana "
67,Sociolog�a para educadores,"Romero Pe�as, Jos� Luis; Gonz�lez-Anleo, Juan "
68,"Tiranos, v�ctimas e indiferentes...","Roberts, Wess "
69,Dios ha nacido en el exilio,"Horia, Vintila "
70,Charlie,"King, Stephen "
71,El pasado qued� atr�s,"Vries, Anke De "
72,Heath,"Roth, Andrew "
73,Dinero para Maria,"Rasputin, Valentin "
74,Robinson Crusoe,"Defoe, Daniel"
75,Leituras,Varios
76,Cr�nica sentimental en rojo,"Gonz�lez Ledesma, Francisco "
77,Only a Teardrop away from a Cry,"Dowling, Lynette "
78,Pedro Toledo,"Cacho, Jes�s "
79,OEuvres compl�tes de Isidore Ducasse,"Ducasse, Isidore "
80,Las Voces del Desierto,"Morgan, Marlo "
81,84 Charing Cross Road,"Hanff, Helene "
82,Le neuvi�me cercle,"Bernadac, Christian "
83,Sexy-bar,"Ben�tez de Castro, Cecilio "
84,Las esferas del Mandala,"White, Patrick "
85,A�o de lobos,"F�hrmann, Willi"
86,Fue dicho: no desear�s a la mujer de ...,"Hunter, Evan "
87,R�surrection,"Tolstoy, Lev Nikolaevi? "
88,Feudalismo Tardio y Capital Mercantil,"Kriedte, Peter "
89,Marie Curie,"Reid, Robert "
90,Queridas cadenas,"P�rez Collado, Antonio "
91,Que el cielo la juzgue,"Williams, Ben Ames "
92,Postmortem,"Cornwell, Patricia "
93,Pa�ses y territorios del mundo,"L�pez Davalillo, Julio"
94,Contact Your Guardian Angel,"Roland, Paul "
95,Spanish show,"Manegat, Julio "
96,Yo fui... una de ellas,"Calvany, Condesa "
97,Pasos sin huellas,"Berm�dez de Castro, F."
98,Tieta de Agreste,"Amado, Jorge "
99,La fondation ligue fran�aise des droi..,"Antoine, Suzanne ; Nou�t, Jean-Claude"
100,El tigre de tasmania,"Mu�oz Puelles, Vicente "
101,Tu No Eres Mi Amiga,"Tamayo Daimon, Manuel "
102,Jacinto Benavente,"D�az-Plaja, Aurora "
103,Le guide des actions humanitaires,"Jost, Philippe "
104,Bajo el viento de la Camarga,"Cesco, Federico de "
105,Ni�os y hombres,"Roth, Philip "
106,Aux fronti�res du r�el - 2 - Tornade,"Grant, Charles L. "
107,La pampa argentina,"Sefve, Ivar "
108,El guerrero del desierto,"Singh, Nalini "
109,El Mito masculino,"Pietropinto, Anthony; Simenauer, Jacqueline"
110,Hostal Lolita,"Nonell, Carmen"
111,Claudia. Los a�os dorados de Hollywood,"Loos, Mary"
112,El Kapo,"Gaussen, Dominique"
113,Remando al viento,"Su�rez, Gonzalo"
114,Relatos,Varios
115,El arreglo,"Kazan, Elia "
116,Iglus en la noche,"Ruesch, Hans "
117,La Mujer Total,"Morgan, Marabel "
118,Tiempos de Claroscuro,"Raybourn, Deanna "
119,Rob Roy,"Scott, Walter "
120,Tempestad sobre el Vaticano,"Speratti, Alberto "
121,C�rculo del Crimen (6 relatos),Varios
122,Luz (des)hilvanada,"Crespo Alcal�, Patricia "
123,El amor es m�s poderoso que la muerte,"Konsalik, Heinz G."
124,Proceso a la historia,"Barrios, Manuel "
125,La ciudad vagabunda,"Zilahy, Lajos"
126,�Quiere usted saber frances en diez dias?,"Robertson, M�todos "
127,Doble imagen,"MacInnes, Helen "
128,Adios Janette,"Robbins, Harold "
129,Lawrence de Arabia,"Aldington, Richard "
130,la tarde,"Lacruz, Mario "
131,El rito,"Garc�a Bl�zquez, Jos� Antonio"
132,Jaque a la dama,"Fernandez Santos, Jesus "
133,A ritmo de marcha f�nebre,"Barclay, Alexis "
134,El valle de las mu�ecas,"Susann, Jacqueline "
135,Los gozos y las sombras. III. La Pascua triste,"Torrente Ballester, Gonzalo "
136,�Arriba Israel!,"N��ez Alonso, Alejandro"
137,Les chansons de Bilitis,"Lou�s, Pierre"
138,Grandes autores en libros peque�os,Varios
139,La nuit de l'apocalypse,"Easterman, Daniel "
140,Memoires mortes,"Cornwell, Patricia "
141,Ben-Hur,"Wallace, Lewis "
142,En el d�a de hoy,"Torbado, Jesus "
143,El Lago,"Doctorow, E. L. "
144,Mecanoscrit del segon origen,"Pedrolo, Manuel de "
145,Y Dios en la ultima playa,"Zaragoza, Crist�bal "
146,Memorias,"Mindszenty, Cardenal "
147,India mon amour,"Lapierre, Dominique "
148,Actividades para un joven biologo,"Schwartz, George I. ; Schwartz, Bernice S. "
149,El comando de los desertores,"Paris, Alain "
150,Tu colecci�n de monedas,"Hobson, Burton"
151,La conspiraci�n del golfo,"Schwartz, Fernando "
152,"Yo, el hermano","Guerra, Juan "
153,Una de tarzan,"Marqu�s, Vicent "
154,Baywatch,"Schwartz, Deborah "
155,Zona mar�tima,"Xirinachs, Olga "
156,Exploraci�n del espacio (Volumen 1),"Jastrow, Robert"
157,Novelas ejemplares,"Cervantes Saavedra, Miguel de "
158,�que la punta dun paraigua,"M�nguez, Xavier "
159,La gran depresi�n de 1990,"Batra, Ravi "
160,Los hijos del sol,"Lavolle, L. N."
161,Volav�runt,"Larreta, Antonio "
162,Insomnie. Tome 1,"King, Stephen "
163,Insomnie. Tome 2,"King, Stephen "
164,"Cruz, Espada y Sangre","Moss�, Claude "
165,El libro del marisco,"Sueiro, Jorge-V�ctor"
166,El miedo a la igualdad,"Miguel, Amando de "
167,Su luminoso esplendor,"Sherwood, Valerie "
168,Flores azules,"Queneau, Raymond "
169,"Han matado a un hombre, han roto un paisaje","Candel, Francisco "
170,Herejias economicas,"Robinson, Joan "
171,El pulso silencioso,"Leonard, George "
172,A cinco minutos del final,"Herrero Sales, Maximo"
173,En la vida de Ignacio Morel,"Sender, Ram�n J."
174,La sonrisa etrusca,"Sampedro, Jos� Luis "
175,Mis universidades,"Gorki, Maximo"
176,Las calles de nuestros padres,"Gonz�lez Ledesma, Francisco "
177,Educazione siberiana,"Lilin, Nicolai"
178,El mundo de Juan Lobon,"Berenguer, Luis "
179,No preguntes lo que tu pa�s puede hacer por ti,"Kennedy, John F."
180,Les murs de sang,"Camut, J�r�me; Hug, Nathalie"
181,La Route du sel et autres po�mes,"Bodart, Roger "
182,La otra,"Fielding, Joy "
183,Actividades para jovenes botanicos,"Prime, C. T."
184,Un tal rock wagram,"Saroyan, William"
185,Pasiones humanas,"Yerby, Frank "
186,Historia de la vida del Busc�n llamado don Pablos,"Quevedo, Francisco de "
187,"Tan lejos, tan cerca","Marsillach, Adolfo "
188,Geografia universal,"Rebagliato Font, Juan"
189,Escenas monta�esas,"Pereda, Jose Mar�a de"
190,"Yo, el rey","Vallejo-N�gera, Juan Antonio"
191,Guarnicion de silla,"Grosso, Alfonso"
192,El general de las galaxias,"Mazarin, Jean"
193,Gran Caf�,"Lorenzo, Pedro de"
194,Un verano en el vi�edo,"Delinsky, Barbara"
195,Con ellos cabalgo la muerte,"Taut, Franz"
196,Le soleil des Scorta,"Gaud�, Laurent"
197,Les Ombres errantes,"Quignard, Pascal"
198,Rouge Br�sil,"Rufin, Jean-Christophe"
199,The destroyers,"Reeman, Douglas"
200,Fenella Phizackerley,"Forster, Margaret"
201,Taras Bulba,"Gogol, Nicolas Vasilievich"
202,Flash,"Duchaussois, Charles"
203,Historias de un Ruiz-Se�or,"Ruiz, Pedro"
204,Casino,"Kirsch, Robert"
205,No emprenyeu el comissari!,"Torrent, Ferran"
206,La isla de fuego,"Hirschfeld, Burt"
207,Vall de Ux�,"Pe�arroja Torrejon, L."
208,Espa�a: siglo XIX (1834-1898),"Cronos, Grupo"
209,Liebe auf heissem Sand,"Konsalik, Heinz G."
210,Sangaree,"Slaughter, Frank G."
211,Los siete pecados capitales. Tomo II.,"Sue, Eugenio"
212,La zancada,"Soto, Vicente"
213,Retrato de una bruja,"Castresana, Luis de"
214,La ciudadela,"Cronin, A. J."
215,Pavillon de Femmes,"Buck, Pearl S."
216,As� viv�an durante la Revoluci�n Francesa,"Espin�s, J.; Masi�, P.; S�nchez, D.; Vilar, M."
217,Retablo jovial,"Casona, Alejandro"
218,Alguien vol� sobre el nido del cuco,"Kesey, Ken"
219,Du baroque,"Ors, Eugenio d'"
220,El esti�rcol,"Kuprin, Alejandro"
221,El mono blanco,"Galsworthy, John"
222,Avere o essere?,"Fromm, Erich"
223,Peregrinos y viajeros,"Ekert-Rotholz, Alice"
224,C�mo mantenerse en forma,Simon Jennings & Co.
225,Pelham uno dos tres,"Godey, John"
226,"Europa, pecado y virtud","Altavilla, Enrico"
227,El frances y los 7 pecados capitales,"D�az-Plaja, Fernando"
228,Ojos verdes,"Robards, Karen"
229,M�moire d'un croyant,Abb� Pierre
230,La sangrienta luna,"Magro, Baltasar"
231,Los santos inocentes,"Delibes, Miguel"
232,Las ratas,"Delibes, Miguel"
233,Le nom de la bete,"Easterman, Daniel"
234,Confesiones de un espermatozoide,"Maronna, Jorge; Samper, Daniel"
235,Que se mueran los feos,"Iglesia, Juanjo de la"
236,La justicia se equivoc�,"Torre, Manuel de la"
237,El ultimo lacayo,"Grimes, Martha"
238,Mart�n Fierro,"Hern�ndez, Jos�"
239,Diario de un cura rural,"Bernanos, Georges"
240,El caso reace,"Rey, Jos�"
241,El buque fantasma,"Marryat, Frederick"
242,La Celestina,"Rojas, Fernando de"
243,Nadie deber�a morir,"Slaughter, Frank G."
244,The iron Man,"Hughes, Ted"
245,De la sierra Tarasca,"Amezcua Barrera, Mario"
246,L'�ltim roder,"Franco, Josep"
247,Climas,"Maurois, Andre"
248,Florecillas de San Francisco,An�nimo
249,Las �ltimas banderas,"Lera, Angel M� de"
250,Roble claro,"Yerby, Frank"
251,Alfanhui,"Sanchez Ferlosio, Rafael"
252,Miguel Angel,"Koch, Heinrich"
253,El Ingenioso Hidalgo Don Quijote de la Mancha,"Cervantes Saavedra, Miguel de"
254,La guerra de los botones,"Pergaud, Louis"
255,La vida secreta de Ana,"Arazo, M� Angeles"
256,Torremolinos Gran Hotel,"Palomino, Angel"
257,A tientas y a ciegas,"Portal, Marta"
258,Luces de Hollywood,"McCoy, Horace"
259,Antolog�a de art�culos,"Larra, Mariano Jos� de"
260,Reinar despu�s de morir; El esclavo del demonio; El segundo S�neca de Espa�a,"Velez de Guevara, Antonio; Mira de Amescua, Antonio; P�rez de Montalb�n, Juan"
261,El padrino,"Puzo, Mario"
262,Luna de primavera,"Lord, Bette Bao"
263,El embajador,"West, Morris"
264,Los ojos de Heisenberg,"Herbert, Frank"
265,Recuerdos del futuro,"D�niken, Erich von"
266,Spotlight on William Shakespeare,"Barnaby, David"
267,Die Frau die sich wandelt Erz�hlungen,"Buck, Pearl S."
268,El desertor,"Collingwood, Charles"
269,Parejas,"Updike, John"
270,La vida por delante,"Cyrus, Miley"
271,A virtuous woman,"Gibbons, Kate"
272,Monsignore,"L�ger, Jack-Alain"
273,Sensacionales c�cteles y bebidas para fiestas,"Wilson, Anne"
274,Erosgraf�as (prosas po�ticas),"Crespo, Patricia"
275,Detr�s de las nubes,"Ionescu, Angela C."
276,Fuenteovejuna,"Vega, Lope de"
277,C�rcel de amor,"San Pedro, Diego de"
278,El comedido hidalgo,"Eslava Gal�n, Juan"
279,El sol y la nieve,"Royo, Rodrigo"
280,Los perros,"Calder, Robert"
281,Detr�s de la piedra,"Kurtz, Carmen"
282,Rimas y Leyendas,"B�cquer, Gustavo Adolfo"
283,El palacio,"Erdman, Paul"
284,Les mordus du tennis,Piem
285,Manual de Primers Auxilis,Varios
286,C�mo salir del infierno,"Urdaci, Alfredo"
287,El jard�n perfumado,"Nefzaqui, Jeque"
288,Assu�n,"Heim, Michael"
289,Don Camilo y los j�venes de hoy,"Guareschi, Giovanni"
290,Cheyenes 6112,"Grenier, C.; Camus, W."
291,Bienaventurados los miserables,"Castillo, Antonio"
292,Tras la niebla y la nieve,"Innes, Michael"
293,Sinuh� el egipcio,"Waltari, Mika"
294,Desnuda por el mundo,"Chamales, Tom T."
295,Donde se re�nen los muchachos,"Swarthout, Glendon"
296,Barbaridades en clase,"Tirado Zarco, Miguel"
297,Sociolog�a,"Giner, Salvador"
298,Amor en New York,"Arias, Yolanda"
299,La trampa del amor,"Thornton, Elizabeth"
300,Un amor imposible,"Cartland, Barbara"
301,Los asesinos,"Kazan, Elia"
302,Preg�ntale a Alicia,"Sparks, Beatrice"
303,Stupid White Men,"Moore, Michael"
304,Mari Cat�fols,"Tr�lec, Isa"
305,El mundo de Ben Lighthart,"Haar, Jaap Ter"
306,Este y oeste,"Buck, Pearl S."
307,La celestina,"Rojas, Fernando de"
308,La chica del columpio,"Adams, Richard"
309,La arboleda perdida,"Alberti, Rafael"
310,Cinco d�cadas de literatura internacional,"Alcoba, Daniel"
311,Boundaries,"Atkinson, Alix"
312,El �rbol de la ciencia de Baroja,"Beser, Sergio"
313,Poesies escollides,"Carner, Josep"
314,El s� de las ni�as. La comedia nueva,"Fern�ndez de Morat�n, Leandro"
315,Drogas mentales. El desaf�o de la qu�mica a la psicoterapia,"Fern�ndez de Velasco, Miguel Mart�n"
316,Blanca Olmedo,"Gamero de Medina, Lucila"
317,Siete a�os de c�rcel,"Gerard, Nicole"
318,El c�nsul honorario,"Greene, Graham"
319,The firm,"Grisham, John"
320,Fue dicho: no desear�s a la mujer de tu pr�jimo,"Hunter, Evan "
321,El conde Lucanor,"Juan Manuel, Don"
322,Yo soy fulana de tal,"Laiglesia, �lvaro de"
323,Doce lunas de miel,"Linares, Luisa Mar�a"
324,Elogi de la paraula i altres assaigs,"Maragall, Joan"
325,La misa azul,"Marquina, Eduardo"
326,Las cuatro plumas,"Mason, A. E. W."
327,La casa de las dunas,"Meersch, M. van der"
328,La mascarada,"Moravia, Alberto"
329,Carne apaleada,"Palou, In�s"
330,"Para sufrir menos, para sufrir mejor","Pederzini, Novello"
331,Los tontos mueren,"Puzo, Mario"
332,Historia de la vida del Busc�n llamado don Pablos,"Quevedo, Francisco de "
333,Vidente en rebeld�a,"Roig, Antonio"
334,Estudio sobre las libertades. 2� edici�n,"S�nchez Ferriz, Remedio"
335,Marcelino pan y vino y otras narraciones,"Sanchez-Silva, Jose M�"
336,M�dicos en peligro,"Slaughter, Frank G."
337,Con el coraz�n de otro,"Slaughter, Frank G."
338,Sophie's choice,"Styron, William"
339,El perfume,"S�skind, Patrick"
340,A Number of Things,"Thornley, G. C."
341,La senda dorada,"Turnbull, Agnes Sligh"
342,Las aventuras de Tom Sawyer,"Twain, Mark"
343,Guerras privadas,"Ugarte, Pedro"
344,"Garz�n, el hombre que ve�a amanecer","Urbano, Pilar"
345,Libros escogidos (biblioteca de Selecciones),"Varios (Victoria Holt, Francis Clifford, Winston M. Estes, Dr. Charles W. Mayo)"
346,Don Juan de Borb�n,Varios
347,Grace Kelly,Varios
348,Bearn o La sala de las mu�ecas,"Villalonga, Lorenzo"
349,The president's child,"Weldon, Fay"
350,La l�pida templaria,"Wilcox, Nicholas"
351,La colina de watership,"Adams, Richard"
352,Las paredes oyen. La verdad sospechosa,"Alarc�n, Juan Ruiz de"
353,Vincere il demonio con Ges�,"Amorth, Gabriele; Musolesi, Angela"
354,El rey Arturo y los Caballeros de la Tabla Redonda,"Ma�� Garz�n, Pablo"
355,Lieschen Radieschen,"Auer, Martin; Scheffler, Axel"
356,Cinco panes de cebada,"Baquedano, Lucia"
357,El c�liz de Carlos V,"Bulnes, Miguel de"
358,Costumari valenci�/2. Coses de poble,"Cap�, Bernat"
359,Los inocentes de Par�s,"Cesbron, Gilbert"
360,La regenta I,"Clar�n, Leopoldo Alas"
361,Tres aventuras de Sherlock Holmes,"Doyle, Arthur Conan"
362,Las iluminaciones del hermano Santiago,"Descola, Jean"
363,Odessa,"Forsyth, Frederick"
364,Ser Joan Fuster,"Fuster, Joan"
365,Cantiga de ag�ero,"G�mez Ojea, Carmen"
366,La hija de Burger,"Gordimer, Nadine"
367,Tres a�os despu�s,"Hoyos, Melchor"
368,El �ltimo verano,"Hunter, Evan"
369,De un pais lejano,"Ionescu, Angela C."
370,Claves para un d�a de febrero,"Izquierdo, Antonio"
371,Cincuenta sombras de Grey,"James, E. L."
372,Para lo bueno y para lo malo,"Jordan, Penny"
373,Capitanes intr�pidos,"Kipling, R."
374,Eran diez,"Konsalik, Heinz G."
375,Color de Fuego,"Kurtz, Carmen"
376,Carlota y el misterio de los gatos hipnotizados,"Lienas, Gemma"
377,De noche soy indiscreta,"Linares, Luisa Mar�a"
378,Fulanita y sus menganos,"Laiglesia, �lvaro de"
379,El �ltimo encuentro,"M�rai, S�ndor"
380,Confieso que he vivido. Memorias,"Neruda, Pablo"
381,Was ist los mit meinem Bruder?,"Rauprich, Nina"
382,Un juicio de piedra. Me parec�a un demonio,"Rendell, Ruth"
383,El Cardenal,"Robinson, Henry Morton"
384,El cazador de caballos,"Sandoz, Mari"
385,Los t�os de sicilia,"Sciascia, Leonardo"
386,La comedia de las equivocaciones,"Shakespeare, William"
387,El amo del juego,"Sheldon, Sidney"
388,Nadie deber�a morir,"Slaughter, Frank G."
389,El dilema del doctor Carter,"Slaughter, Frank G."
390,Costa ardiente,"Smith, Wilbur"
391,Experiencias,"Varios: Andrea Camilleri, Raymond Carver, Almudena Grandes, Grahan Greene y Primo Levi"
392,Archipi�lago franc�s,Varios
393,Biblioteca de Selecciones,"Varios (J. H. Williams, William Faulkner, Henry Morton Robinson, David W, Peck, Eric Williams)"
394,La navaja,"V�zquez Azpiri, H�ctor"
395,Grandeza y servidumbre de 20 premios planeta,"Arce, Carlos de"
396,Madre de alquiler,"Ashley, Shelley V."
397,�sta es mi cosecha,"Atkins, Lee"
398,El reposo de Baco,"Boileau, Pierre"
399,Paloverde,"Briskin, Jacqueline"
400,El Ingenioso Hidalgo Don Quijote de la Mancha,"Cervantes Saavedra, Miguel de"
401,Desnuda por el mundo,"Chamales, Tom T."
402,La escapada,"Cordelier, Jeanne"
403,The Witches,"Dahl, Roald"
404,Regina,"Danella, Utta"
405,Retrato de la lozana andaluza,"Delicado, Francisco"
406,Todos somos culpables,"Eaubonne, Fran�oise d'"
407,Genestel,"Estrade, Sebastian"
408,Olivia Joules and the oveactive imagination,"Fielding, Helen"
409,Tom Jones,"Fielding, Henry"
410,The Great Gatsby,"Fitzgerald, F. Scott"
411,El emperador,"Forsyth, Frederick"
412,Un mill�n de muertos,"Gironella, Jose M�"
413,La Ondina y otros cuentos,"Grimm, Jacob y Wilhelm"
414,Gestapo,"Hassel, Sven"
415,Tan bueno como el oro,"Heller, Joseph"
416,Ruy Blas,"Hugo, Victor"
417,Tar�ntula. La bella y la bestia.,"Jonquet, Thierry"
418,Duermen bajo las aguas,"Kurtz, Carmen"
419,Camila,"L'Engle, Madeleine"
420,El rizo,"Littell, Robert"
421,La tempestad,"Prada, Juan Manuel de"
422,La gangrena,"Salisachs, Mercedes"
423,Shibumi,Trevanian
424,El moralista,"Trigo, Felipe"
425,Selecciones de la narrativa mundial del Reader's Digest oct-nov,Varios
426,El abogado del diablo,"West, Morris"
427,Las hogueras,"Al�s, Concha"
428,"El gran atraco a ""Brink's""","Behn, Noel"
429,Tibur�n,"Benchley, Peter"
430,La adoraci�n,"Borel, Jacques"
431,El arte de contar cuentos,"Byant, Sara C."
432,El alcalde de Zalamea,"Calder�n de la Barca, Pedro"
433,La familia de Pascual Duarte,"Cela, Camilo Jos�"
434,El sue�o eterno,"Chandler, Raymond"
435,Banco,"Charri�re, Henri"
436,El amante,"Duras, Marguerite"
437,The complete book of rules,"Fein, Ellen y Schneider, Sherrie"
438,Los cipreses creen en Dios,"Gironella, Jose M�"
439,Lluvia de oro,"Grey, Zane"
440,Ra�ces,"Haley, Alex"
441,El clan,"Heras, Raul"
442,Madre dulce,"Jolley, Elizabeth"
443,Zanzibar,"Kaye, M. M."
444,El rizo,"Littell, Robert"
445,La agenda de �caro,"Ludlum, Robert"
446,El enigma de parsifal,"Ludlum, Robert"
447,GIAP o la guerra de un pueblo,"Quang, Gerard Le"
448,Historia de la vida del Busc�n,"Quevedo, Francisco de"
449,Los aventureros,"Robbins, Harold"
450,Por ti lo har�a mil veces,"Sartorius, Isabel"
451,Cr�ticas gastron�micas,Savarin
452,Los gozos y las sombras. III. La Pascua triste,"Torrente Ballester, Gonzalo"
453,Las Leyes de Nuestros Padres I y II,"Turow, Scott"
454,John Fitzgerald Kennedy,"Gas�s Lavi�a, Dolors"
455,Arist�teles Onassis,Varios
456,Relatos de duendes,Varios
457,Las sandalias del pescador,"West, Morris"
458,El alcalde de Zalamea,"Calder�n de la Barca, Pedro"
459,Coyote,"Barnes, Linda"
460,Charlie Chaplin,"Bazin, Andr�; Rohmer, Eric"
461,En busca del arca perdida de No�,"Berlitz, Charles"
462,"�Dios, la que se �rmo!","Candel, Francisco"
463,El esp�a que surgi� del fr�o,"Carre, John le"
464,La chica del tambor,"Carre, John le"
465,El licenciado vidriera y otras novelas ejemplares,"Cervantes Saavedra, Miguel de"
466,Querida Mar�a Antonieta,"Chalon, Jean"
467,El comit� para la prevenci�n de la tortura,"Cruz Ros, Javier"
468,Robinson Crusoe II,"Defoe, Daniel"
469,El desfile de la victoria,"D�az-Plaja, Fernando"
470,El par�sit,"Doyle, Arthur Conan"
471,Tu tambi�n naciste desnudito,"Laiglesia, �lvaro de"
472,Santiago Ram�n y Cajal,"Leir�s, Waldo"
473,El ultimatum de Bourne,"Ludlum, Robert"
474,El ultimatum de Bourne,"Ludlum, Robert"
475,Kaputt,"Malaparte, Curzio"
476,Celeste,"Marshall, Rosamond"
477,La rosa de arena,"Montherlant, Henry de"
478,Amapola entre espigas,"Noel, Eugenio"
479,El retorno de los brujos,"Pauwels, Louis; Bergier, Jacques"
480,El retorno de los brujos,"Pauwels, Louis; Bergier, Jacques"
481,Juan Carlos,"Preston, Paul"
482,Residuals o independents?,"Pujol, Jordi"
483,Aventura en los Andes,"Radau, Hanns"
484,Todos los parques no son un para�so,"Roig, Antonio"
485,Un mundo a cuestas,"Rubio, Rodrigo"
486,Las torres de silencio. Reparto de despojos,"Scott, Paul"
487,El segrest de Xico Black,"Segu�, josep llu�s"
488,En un jardin oscuro,"Slaughter, Frank G."
489,Der Zimmer-springbrunnen,"Sparschuh, Jens"
490,Una vez no basta,"Susann, Jacqueline"
491,Los gozos y las sombras. I. El se�or llega,"Torrente Ballester, Gonzalo"
492,Apache,"Wellman, Paul L."
493,Opus Dei,"Berglar, Peter"
494,Veinticuatro horas,"Bromfield, Louis"
495,Los Secretos Mejor Guardados,"Brown, Sandra"
496,Mi t�o,"Carriere, Jean Claude"
497,El otro �rbol de Guernica,"Castresana, Luis de"
498,Papillon,"Charri�re, Henri"
499,El Ingenioso Hidalgo Don Quijote de la Mancha II,"Cervantes Saavedra, Miguel de"
500,El Ingenioso Hidalgo Don Quijote de la Mancha,"Cervantes Saavedra, Miguel de"
501,Soy la madre,"Conde, Carmen"
502,El pr�ncipe de las mareas,"Conroy, Pat"
503,Los turistocratas,"Daninos, Pierre"
504,Memorias de guerra. La unidad (1942-1944),"Gaulle, Charles De"
505,KG 200,"Gilman, J. D.; Clive, John"
506,The Palace Diaries,"Goodall, Sarah; Monson, Nicholas"
507,Actividades para un joven naturalista,"Graham, V. E."
508,Don Camilo,"Guareschi, Giovanni"
509,La ruta sangrienta,"Hassel, Sven"
510,The Rawhider,"Heckelmann, Charles N."
511,Entre dos patrias,"D'Izieu, Jean; Sabathier, Michel"
512,Querido Tim,"Kurtz, Carmen"
513,Llovida del cielo,"Kyne, Peter B."
514,Pap� pisa las tablas,"Louki, Pierre"
515,Doble imagen,"MacInnes, Helen"
516,La camisa del rev�s,"Martin, Andreu"
517,Miguel�n,"Moix, Ana Mar�a"
518,Don Juan. Tartufo,Moli�re
519,Del �tico al entresuelo,"Padilla, Pedro Pablo"
520,El presidente,"Pearson, Drew"
521,Las enfermedades del amor,"Pinillos, Isabel; Herrero, Miguel G�"
522,"Mujeres de blanco. Proyecto Hermes. Jezabel, el precio del pecado","Slaughter, Frank G."
523,La flecha negra,"Stevenson, Robert Louis"
524,Rafael de Trabazos,"Su�rez, Rosa M�"
525,El castillo de No�,"Townsend, John R."
526,Topaz,"Uris, Leon"
527,Biblioteca de Selecciones. Libros escogidos,"Varios (Dorothy Uhnak, Hans Hellmut Kirst, Eulalia Galvarriato, Camilo Jos� Cela, Taylor Caldwell)"
528,El mundo de la opera. Vol. II. Un divertimento cortesano,Varios
529,El mundo de la opera. Vol. I. El descubrimiento italiano,Varios
530,Fuenteovejuna. Periba�ez,"Vega, Lope de"
531,Belledonne habitaci�n 16,"Vries, Anke de"
532,Five Famous Fairy Tales,"West, Michael"
533,The Lady from the Sea,"West, Michael"
534,King Arthur and the Knights of the Round Table,"West, Michael"
535,Nuestros mejores vinos. La gu�a 2006,Varios
536,�D�nde viviremos ma�ana?,"Ragon, Michel"
537,La ley de Murphy del 2000,"Bloch, Arthur"
538,T�cala otra vez,"Bogart, Stephen Humphrey"
539,La casona,"Bromfield, Louis"
540,Top Model,"Campbell, Naomi"
541,Un hueso en la autopista,"Camus, William"
542,Cela obras completas vol. 4 (El gallego y su cuadrilla y otros apuntes carpetovet�nicos),"Cela, Camilo Jos�"
543,Papillon,"Charri�re, Henri"
544,The Psychic Pathway,"Choquette, Sonia"
545,Do�a Berta y otros relatos,"Clarin, Leopoldo Alas"
546,Soy la madre,"Conde, Carmen"
547,La rebel.li� dels conills m�gics,"Dorfman, Ariel"
548,Lost in New York,"Escott, John"
549,Cuando duerma la bestia,"Marqu�s Estigu�n, J. L."
550,Los perros de la guerra,"Forsyth, Frederick"
551,El Comunismo contado con sencillez,"Frutos, Francisco"
552,El milagro solar de F�tima,"Haffert, John"
553,Flores para algernon,"Keyes, Daniel"
554,Benicalaf,"Llueca Ubeda, Emilio"
555,La pasi�n del doctor Christian,"McCullough, Colleen"
556,No digas que fue un sue�o,"Moix, Terenci"
557,Lucky Luke - Clasicos del comic,Morris; Goscinny
558,Una derrota bastante honrosa,"Murdoch, Iris"
559,Sangre de amor correspondido,"Puig, Manuel"
560,El cercle m�gic. Volum I,"Puig i Ferreter, Joan"
561,Si vas para Chile,"S�enz, Miguel"
562,La locura de Finn,"Southall, Ivan"
563,Rascacielos,"Stern, Richard Martin"
564,"Un vago, dos vagos, tres vagos","Wyoming, El Gran"
565,Historia de la gente,"Mingote, Antonio"
566,Manual de alteraciones esquel�ticas en peque�os animales,Varios
567,Arturo y Clementina,"Turin, Adela; Bosnia, Nella"
568,Arte del mundo moderno. Del neocl�sico al pop art,"Munari, Carlo"
569,El libro de Saladino II,"Al�, Tariq"
570,"Octubre, octubre. Volumen II","Sampedro, Jos� Luis"
571,Divina Comedia II,"Alighieri, Dante"
572,Don Quijote de la Mancha. Parte I,"Cervantes Saavedra, Miguel de"
573,National Gallery,Varios
574,Baby signos,"Carter, Claudia"
575,Leyendas amaz�nicas,"Jordana Laguna, Jose Luis"
576,1706. La guerra de successi� a Vila-Real,"Pitarch Font, Antoni"
577,Tragasue�os,"Ende, Michel; Fuchshuber, Annegert"
578,Petite soeur,"Macdonald, Patricia"
579,La momie du Louvre,"Bout�g�ge, R�gine; Longo, Susanna"
580,Mikado Initiation. Livre de l'�l�ve,"Palomino, Marie"
581,Mikado Initiation. Cuaderno de actividades,"Palomino, Marie"
582,Mikado �l�mentaire. Livre de l'�l�ve,"Palomino, Marie"
583,Mikado �l�mentaire. Cuaderno de actividades,"Palomino, Marie"
584,Galipette Initiation: Livre de l'�l�ve,"Palomino, Marie"
585,Galipette Initiation. Cahier d'activit�s. Consignes en fran�ais,"Palomino, Marie"
586,Galipette Initiation. Mat�riel du professeur,"Palomino, Marie"
587,Galipette �l�mentaire. Cuaderno de actividades. Consignas en espa�ol,"Palomino, Marie"
588,Enciclopedia Salvat de la fauna no. 17: Eurasia/Norteam�rica,"Rodr�guez de la Fuente, F�lix"
589,Acc�s Studio. Pupil book,"Wardle, Michael"
590,La Atl�ntida,"Ashe, Geoffrey"
591,Ferran Adri�,"Adri�, Ferran"
592,En forma con frutas y verduras,Varios
593,Filatelia. Coleccionismo-Hobby-Inversi�n,"Mart�nez-Fornaguera, Alejandro"
594,"Sendas del te. Leyenda, historia, cultivo y consumo","Serrat Crespo, Manuel"
595,Revista Mundial 1983,Varios
596,Enid Blyton's Nature Lover's Book,"Blyton, Enid"
597,Las aves y sus secretos. Un gran libro de preguntas y respuestas,"Grange, Francois de la; Reille, Antoine"
598,Girl Power! (�El poder de las chicas!),Spice Girls
599,Son of Stone,"Woods, Stuart"
600,The New Cambridge English Course. Practice 4,"O'Sullivan, Desmond; Swan, Michael; Walter, Catherine"
601,Historias del viejo mundo no. 3. El hombre paleol�tico,"Moure Romanillo, Alfonso"
602,Les 1000 immanquables du 20e si�cle,Varios
603,Letras de Espa�a 1986,Varios
604,What is Migration?,"Crossingham, John; Kalman, Bobbie"
605,Asesinato de calidad. Club del misterio no. 18,"Carre, John le"
606,Consejos y platos para cuidar el coraz�n,"Fuster, Valent�n"
607,Tony Stone Images 1998: Wild,Varios
608,Zona abierta no. 9/10,Varios
609,Zona abierta no. 12,Varios
610,Alfabet,"Boix, M.; Pal�cios, J."
611,Gu�as de psicologia del bebe y del ni�o,
612,Museo Picasso Barcelona,"Subirana, Rosa Mar�a"
613,Sauver les oc�ans,"MacInnis, Joseph"
614,Lola Montes,"Ada, Antoine de"
615,Cancionero y romancero espa�ol,"Alonso, Damaso"
616,Las mil y una noches,An�nimo
617,Relatos de robots,"Asimov, Isaac"
618,Leyendas de Guatemala,"Asturias, Miguel Angel"
619,Herzog,"Bellow, Saul"
620,Los intereses creados,"Benavente, Jacinto"
621,La vuelta al mundo de un novelista. Tomo III,"Blasco Ib��ez, Vicente"
622,La ara�a negra. Vol. I y II,"Blasco Ib��ez, Vicente"
623,Narraciones,"Borges, Jorge Luis"
624,Mala gente,"Bruno, Anthony"
625,Mrs. Caldwell habla con su hijo,"Cela, Camilo Jos�"
626,Narraciones,"Chejov, Anton P."
627,Los oficios,Ciceron
628,Do�a Berta y otros relatos,"Clarin, Leopoldo Alas"
629,Un grito en la noche,"Clark, Mary Higgins"
630,El Vals Inacabado,"Cl�ment, Catherine"
631,Maridos de Hollywood,"Collins, Jackie"
632,Hora punta,"Collins, Joan"
633,Rayuela,"Cort�zar, Julio"
634,La isla a mediod�a y otros relatos,"Cort�zar, Julio"
635,La Bella Otero,"Costa Clavell, Javier"
636,Las cr�nicas del Sochantre,"Cunqueiro, Alvaro"
637,La hoja roja,"Delibes, Miguel"
638,La hoja roja,"Delibes, Miguel"
639,Son mis amores reales,"Dicenta (hijo), Joaquin"
640,El jugador,"Dostoievski, Fedor"
641,El jugador,"Dostoievski, Fedor"
642,Justine - El Cuarteto de Alejandria I,"Durrell, Lawrence"
643,El s�ptimo santuario,"Easterman, Daniel"
644,Mano a mano con pap�,"Faucher, Elizabeth"
645,Los invictos,"Faulkner, William"
646,Industrias y andanzas de Alfanhui,"S�nchez Ferlosio, Rafael"
647,Industrias y andanzas de Alfanhui,"S�nchez Ferlosio, Rafael"
648,La dama del armi�o,"Fern�ndez Ardav�n, Luis"
649,Teatro completo,"Fern�ndez de Morat�n, Leandro"
650,La muerte de Artemio Cruz,"Fuentes, Carlos"
651,Versos de mi ciudad,"Gagliardi, Hector"
652,"Manual de diagn�stico de laboratorio en peque�os animales, 2� edici�n","Villiers, Elizabeth; Blackwood, Laura (Eds.)"
653,Acapulco,"Garibay, Ricardo"
654,La chica del tambor,"Carre, John le"
655,Werther,"Goethe, J. W."
656,Ultima llamada,"Gonzalez de la Garza, Mauricio"
657,El Jard�n de las Mentiras,"Goudge, Eileen"
658,El fin de la aventura,"Greene, Graham"
659,El que pierde gana,"Greene, Graham"
660,El reves de la trama,"Greene, Graham"
661,La coartada perfecta,"Highsmith, Patricia"
662,Prohibido a los nerviosos,Varios
663,La luna del Cazador,"Holt, Victoria"
664,La Il�ada,Homero
665,La hora m�gica,"Isaacs, Susan"
666,Ulises I,"Joyce, James"
667,La metamorfosis,"Kafka, Frank"
668,Misery,"King, Stephen"
669,Los hermanos de Mowgli,"Kipling, Rudyard"
670,Susrros,"Koontz, Dean R."
671,Un Casamiento Convencional,"Lessing, Doris"
672,Un Casamiento Convencional,"Lessing, Doris"
673,los Hijos de S�nchez,"Lewis, Oscar"
674,La progresi�n de Aquitania I y II,"Ludlum, Robert"
675,Antolog�a,"Machado, Antonio"
676,Mesalina,"Maclean, Helen H."
677,El conde lucanor,"Juan Manuel, Infante Don"
678,Una chica traviesa,"Marshall, Bruce"
679,El m�dico aconseja,"Mascaro Porcar, Jose M�"
680,Benito Cereno,"Melville, Herman"
681,El ricachon en la corte y el enfermo de aprensi�n,Moli�re
682,Nueva grandeza mexicana,"Novo, Salvador"
683,Cien obras maestras de la pintura,"Olivar, Marcial"
684,El espectador,"Ortega y Gasset, Jose"
685,Virgen,"Patterson, James"
686,El diablo sobre las colinas,"Pavese, Cesare"
687,Humanidad prehist�rica,"Pericot, Luis; Maluquer de Motes, Juan"
688,Los buscadores de conchas,"Pilcher, Rosamunde"
689,La chica del tiempo,"Piquer, Eva"
690,Un viaje frustrado. Contrabando,"Pla, Jos�"
691,Narraciones extraordinarias,"Poe, Edgar Alan"
692,Fuente Ovejuna,"Vega, Lope de"
693,El Caballero de Olmedo,"Vega, Lope de"
694,Eloisa esta debajo de un almendro,"Jardiel Poncela, Enrique"
695,Poemas sat�ricos,"Quevedo, Francisco de"
696,El dios mas peque�o y otros relatos,"Rey, Lester del"
697,La revoluci�n mexicana,"Ricciu, Francesco"
698,Los cazadore de focas de la bahia de Baffin,"Salgari, Emilio"
699,La Casa de las Chivas,"Salom, Jaime"
700,�rase una vez Don Quijote,"S�nchez Aguilar, Agust�n"
701,El corredor de las tormentas,"Sarabande, William"
702,El bandido adolescente,"Sender, Ramon J."
703,La gran pesquisa,"Sharpe, Tom"
704,El Don apacible,"Sh�kolov, Mija�l"
705,M�stica y misterio de los OVNIS,"Silva, Jos� Antonio"
706,"Ayax, Antigona. Edipo Rey",S�focles
707,El perfume,"S�skind, Patrick"
708,Fantasmas,"Straub, Peter"
709,La cabeza perdida de Damasceno Monteiro,"Tabucchi, Antonio"
710,El visitante y otras historias,"Thomas, Dylan"
711,El vergonzoso en palacio. El burlador de Sevilla,"Molina, Tirso de"
712,"Guerra y paz, 2","Tolstoi, Leon"
713,Y Tierno galv�n ascendi� a los cielos,"Umbral, Francisco"
714,Las palabras de la tribu,"Umbral, Francisco"
715,La t�a Tula,"Unamuno, Miguel de"
716,Amor y pedagog�a,"Unamuno, Miguel de"
717,Paz en la guerra,"Unamuno, Miguel de"
718,Tres novelas ejemplares y un pr�logo,"Unamuno, Miguel de"
719,Juanita la larga,"Varela, Juan"
720,Luces de bohemia,"Valle-Inclan, Ram�n del"
721,Tirano banderas,"Valle-Inclan, Ram�n del"
722,Sonata de primavera,"Valle-Inclan, Ram�n del"
723,La casa verde,"Vargas Llosa, Mario"
724,Los cachorros. El desaf�o del domingo,"Vargas Llosa, Mario"
725,Grandes autores en libros peque�os,Varios
726,Traducci�n del nuevo mundo de las santas escrituras,Varios
727,El grupo po�tico de 1927. Antolog�a por Angel Gonz�lez,"Gonz�lez, Angel"
728,Antolog�a general de la poes�a mexicana (siglos XVI al XX),Varios
729,El escriba sentado,"V�zquez Montalb�n, Manuel"
730,Los hijos del capit�n Grant en Australia,"Verne, Julio"
731,20.000 leguas de viaje submarino,"Verne, Julio"
732,Viaje al centro de la Tierra,"Verne, Julio"
733,P�jaro de celda,"Vonnegut, Kurt"
734,Presunto heredero,"Wade, Henry"
735,Ben-Hur,"Wallace, Lewis"
736,Las dos ancianas,"Wallis, Velma"
737,La m�quina del tiempo,"Wells, H. G."
738,Fan Club,"Wallace, Irving"
739,Relatos,Stendhal
740,Las aventuras de Tom Sawyer,"Twain, Mark"
741,Calidoscopio,"Steel, Danielle"
742,Incordie a Jack Barron,"Spinrad, Norman"
743,off-side,"Torrente Ballester, Gonzalo"
744,Llamada mortal II,"Stine, R. L."
745,Bajo el agua,"Winthrop, Joan"
746,El pianista del gueto de Varsovia,"Szpilmnan, Wladyslaw"
747,Un yanqui en la corte del Rey Arturo,"Twain, Mark"
748,Teresa Raquin,"Zola, �mile"
749,La conjura de los necios,"Toole, John Kennedy"
750,La mafia,"Sondern, Frederick"
751,Autobiograf�a,"Twain, Mark"
752,"Tres novelas del Siglo de Oro: Lazarillo de Tormes, La vida del Busc�n y El Diablo Cojuelo","Varios: An�nimo, Francisco de Quevedo, V�lez de Guevara"
753,Puerto Vallarta,"Waller, Robert J."
754,Los manuscritos de Magdala,"Wood, Barbara"
755,Germinal,"Zola, �mile"
756,El rito,"Garc�a Bl�zquez, Jos� Antonio"
757,El ingenioso hidalgo Don Quijote de la Mancha,"Cervantes Saavedra, Miguel de"
758,Novelas ejemplares,"Cervantes Saavedra, Miguel de"
759,As� viv�an en Babilonia,"Lara Peinado, Federico"
760,El �dolo de silicio,"Shallis, Michael"
761,El panorama inesperado,"Trefil, James S."
762,Las ra�ces de la vida,"Hoagland, M."
763,El telar m�gico,"Jastrow, Robert"
764,El aire en peligro,"Breuer, Georg"
765,Tecnolog�as alternativas,"Dickson, David"
766,El medio ambiente,"George, Pierre"
767,La poluci�n atmosf�rica,"Chovin, Paul; Roussel, Andr�"
768,La mente humana,"Rayner, C."
769,"El cuerpo humano, Vol. I y II","Leakey, Richard E./Rayner, C."
770,"La formaci�n de la humanidad, Vol. I y II","Rayner, C."
771,"Exploraci�n del espacio, Vol. I, II, III y IV","Gatland, Kenneth y otros"
772,"El libro del clima, Vol. I, II y III","Hardy, R.; Wright, P.; Gribbin, J.; Kington, J."
773,"El hombre al desnudo, Vol. I, II, III y IV","Morris, Desmond"
774,"Libro b�sico del ordenador personal, Vol. I, II y III","Rodwell, Peter"
775,"El hombre futuro. �Un mundo feliz o una pesadilla gen�tica?, Vol. I y II.","Stableford, Brian"
776,"La ciencia en la ciencia ficci�n, Vol. I y II.","Langford, David; Stableford, Brian"
777,60 respuestas a las 60 eternas preguntas del escritor novel,"Rivadeneyra, Ariel"
778,"Robinson Crusoe, Volumen I","Defoe, Daniel"
779,El cartero del rey. El asceta. El rey y la reina,"Tagore, Rabindranaz"
780,Flair Collection: Cover Girls. Model Flirt. Fashion Victim,"William, Kate; Pascal, Francine"
781,Las aventuras de Tom Sawyer y otras obras,"Twain, Mark"
782,Mi vida,"Duncan, Isadora"
783,Pau Casals,"Baldock, Robert"
784,Cleopatra,"Bradford, Ernle"
785,Marx,"Blumenberg, Werner"
786,Gaud�,"Bassegoda Nonell, Juan"
787,Beethoven,"Scott, Marion M."
788,Col�n,"Voltes, Pedro"
789,Maquiavelo,"Barincou, Edmond"
790,Maquiavelo,"Barincou, Edmond"
791,P�nico en la nieve,"Stine, R. L."
792,Prisionero del R�o Negro,"Surget, Alain"
793,Expecting the Impossible,"Leonard, Christine"
794,Las mujeres sabias. El avaro. El burgues gentilhombre. El enfermo de aprension. Las preciosas ridiculas. Tartufo. El medico a palos.,Moliere
795,Dallas,"Raintree, Lee"
796,Las ciudades del antiguo M�xico,"Sabloff, Jeremy A."
797,"El hombre, animal cibern�tico","Sap�rina, Yelena"
798,El ingenioso hidalgo Don Quijote de la Mancha,"Cervantes Saavedra, Miguel de"
799,Sus mejores versos. Miguel de Cervantes Saavedra,"Cervantes Saavedra, Miguel de"
800,My Life on a Plate,"Knight, India"
801,Los vinos de Espa�a,"Torres, Miguel A. "
802,Peonza. �lbum II. # 120,Varios
803,Peonza. El Arte y el �lbum Ilustrado. # 75/76,Varios
804,"Gran cr�nica de la segunda guerra mundial, Tomos I, II y III",Varios
805,Holiday with the Fiend,"Lavelle, Sheila"
806,Across the barricades,"Lingard, Joan"
807,Your code name is Jonah,"Packard, Edward"
808,A narrow Squeak and other animal stories,"King-Smith, Dick"
809,The house at Pooh Corner,"Milne, A. A."
810,In Natalie's Garden,"Mayne, William"
811,The Butterfly Lion,"Morpurgo, Michael"
812,The Worst Witch,"Murphy, Jill"
813,The Worst Witch All at Sea,"Murphy, Jill"
814,The Worst Witch Strikes Again,"Murphy, Jill"
815,A bad spell for the worst Witch,"Murphy, Jill"
816,Me and My Mates,"Macfarlane, Aidan; mcPherson, Ann"
817,We like to help,"Murray, William"
818,Jump from the sky,"Murray, William"
819,Sunny days,"Murray, William"
820,The Railway Children,"Nesbit, Edith"
821,Drogas mentales. El desaf�o de la qu�mica a la psicoterapia,"Battista, O. A. "
822,Usted puede sanar su vida,"Hay, Louise L."
823,As� son las drogas,"Leigh, Vanora"
824,Yoga en 10 lecciones,"Roumanes, Jean-Pierre"
825,El poder de los alimentos que curan,"Ryman, Dani�le"
826,La homeopat�a,"Ullman, Dana"
827,Salud total en 8 semanas,"Weil, Andrew"
828,Until I find you,"Irving, John"
829,Dawson's Creek. Shifting Into Overdrive,"Anders, C. J. "
830,Dawson's Creek. Too Hot to Handle,"Anders, C. J. "
831,Dawson's Creek. Double exposure,"Anders, C. J. "
832,Dawson's Creek. Don't Scream,"Anders, C. J. "
833,Dawson's Creek. Trouble in Paradise,"Anders, C. J. "
834,Dawson's Creek. Long Hot Summer,"Rodriguez, K. S. "
835,Dawson's Creek. Major Meltdown,"Rodriguez, K. S. "
836,Dawson's Creek. The Beginning of Everything Else,"Baker, Jennifer; Williamson, Kevin"
837,Notting Hill,"Curtis, Richard"
838,Two for Joy,"Scanlan, Patricia"
839,Rocky Romance,"Wyeth, Sharon Dennis"
840,Sugar and Spice,"Wright, Mary"
841,How to Train your Parenys,"Johnson, Pete"
842,The Woman Who Disappeared,"Prowse, Philip"
843,Funhouse,"Hoh, Diane"
844,Alfred Hitchcock and The Three Investigators in The Secret of The Haunted Mirror,"Carey, M. V. "
845,�and Freedom (Sugar Secrets),"Sparke, Mel"
846,Nancy Drew. Runaway Bride,"Keene, Carolyn"
847,The Whizzkid's Handbook 3,"Eldin, Peter"
848,Batman,"Gardner, Craig Shaw"
849,The Truth About Ryan. Sweet Valley University (Francine Pascal),"John, Laurie"
850,The Boys of Summer. Sweet Valley University (Francine Pascal),"John, Laurie"
851,Sweet Valley Twin Collection 2: If Looks Could Kill/ The Boyfriend Game/ The Boyfriend Mess,"Suzanne, Jamie"
852,Closing,"Fairbairns, Zo�"
853,The Queen of Spades and Other Stories,"Pushkin, Alexander"
854,Hold the Dream,"Bradford, Barbara Taylor"
855,The Window,"Ellis, Carol"
856,Pony in the Porch,"Daniels, Lucy"
857,Wide Range Readers Green Book 5,"Schonell, Fred J.; Flowerdew, Phyllis"
858,Starlight City,"Welford, Sue"
859,Chocolat,"Harris, Joanne"
860,The Pearl,"Steinbeck, John"
861,Moon Island,"Thomas, Rosie"
862,The Siege,"Dunmore, Helen"
863,Les belles images,"Beauvoir, Simone de"
864,Le deuxi�me sexe I y II,"Beauvoir, Simone de"
865,Tanguy,"Castillo, Michel del"
866,L'�tranger,"Camus, Albert"
867,Noces/L'�t�,"Camus, Albert"
868,Les aventures de Flosco,"Bourliaguet, L�once"
869,The Lady from the Sea and other Celtic Stories,"West, Michael; Miller, Margaret J."
870,Pok�mon. Return of the Squirtle Squad,"West, Tracey"
871,An Inspector Calls,"Priestley, J. B."
872,Dinosaur Pox,"Strong, Jeremy"
873,Goosebumps. How to kill a monster,"Stine, R. L."
874,Seven,"Bruno, Anthony"
875,The Secret of the Sword,"Daly, Audrey"
876,The Prince and the Pauper,"Twain, Mark"
877,The Invisible Man (simplified edition),"Wells, H. G."
878,The Masked Prisoner,"Furneaux, Rupert"
879,Tom-Tom et Nana: �a va chauffer!,"Cohen, Jacqueline; Reberg, Evelyne"
880,Les petites Crapules,"Garth, Tony"
881,Une vague d'amour sur un lac d'amiti�,"Desplechin, Marie"
882,Le dernier dragon,"Bory, Jean-Fran�ois"
883,Engines. Progress and Power,"Rogers, Don E."
884,Jack Russell Jackson,"Muir, Helen"
885,Project Omega,"O'Reilly, Elaine"
886,Pok�mon. Journey to the Orange Islands,"West, Tracey"
887,Pabluras,"Fern�ndez de Velasco, Miguel Mart�n"
888,Manual del padre,"Breinholst, Willy"
889,l'insolence de sa beaut�,"Des Cras, Guy"
890,Around the World in Eighty Days,"Faraday, Joyce"
891,The Tiger,"Justice, jennifer; Graham, Allen"
892,Poulette Douillette,"Cl�ment, Claude; Desmoinaux, Christel"
893,La fugue,"Pommaux, Yvan"
894,les Cinq et le rubis d'Akbar,"Voilier, Claude"
